{"version":"0.4","title":"Ansh Optin Form 08","type":"section","content":[{"id":"46bf2011","settings":{"stretch_section":"section-stretched","content_width":{"unit":"px","size":1000},"gap":"no","content_position":"middle","background_background":"classic","background_color":"#f4f4f4","shape_divider_top_color":"#d6d6d6","heading_color":"#009bef","color_text":"#444444","color_link":"#009bef","color_link_hover":"#444444","text_align":"center","padding":{"unit":"px","top":"150","right":"0","bottom":"150","left":"0","isLinked":false},"padding_tablet":{"unit":"px","top":"30","right":"10","bottom":"30","left":"10","isLinked":false},"padding_mobile":{"unit":"px","top":"20","right":"10","bottom":"20","left":"10","isLinked":false},"background_image":{"url":"http:\/\/anshelements.com\/wp-content\/uploads\/2019\/04\/guitar.jpg","id":919},"background_position":"center center","background_repeat":"no-repeat","background_size":"cover","background_overlay_background":"classic","background_overlay_color":"#000000"},"elements":[{"id":"2a1a87bd","settings":{"_column_size":100,"space_between_widgets":10},"elements":[{"id":"55d4bffc","settings":{"optin_forms_layout":"ansh-optin-form-inline-inside-button","title":"Subscribe our newsletter","sub-title":"Subscribe our newsletter and  get one year premium subscription absolutely FREE\u200b","text_alignment":"center","newslatter_provider":"mailchimp","mailchimp_list_id":"8b6fccc9dd","email_text":"Your email","first_name_text":"Your first name","last_name_text":"Last name","button_text":"Subscribe","button_icon":"","title_color":"#ff5811","title_typography_typography":"custom","title_typography_font_family":"Roboto Mono","title_typography_font_size":{"unit":"px","size":28,"sizes":[]},"sub_title_color":"#ffffff","sub_title_typography_typography":"custom","sub_title_typography_font_family":"Roboto Mono","optin_form_margin":{"unit":"px","top":"40","right":"0","bottom":"0","left":"0","isLinked":false},"optin_forms_input_text_Color":"#ffffff","optin_forms_input_backgroud_color":"rgba(255,255,255,0.06)","optin_forms_input_text_typography_typography":"custom","optin_forms_input_text_typography_font_family":"Roboto Mono","optin_forms_input_border_border":"solid","optin_forms_input_border_width":{"unit":"px","top":"0","right":"0","bottom":"1","left":"0","isLinked":false},"optin_forms_input_border_color":"#ffffff","optin_forms_input_radius":{"unit":"px","top":"0","right":"0","bottom":"0","left":"0","isLinked":true},"button_typography_typography":"custom","button_typography_font_family":"Roboto Mono","button_typography_font_size":{"unit":"px","size":16,"sizes":[]},"button_text_color":"#ffffff","background_color":"#ff5811","button_border_radius":{"unit":"px","top":"0","right":"0","bottom":"0","left":"0","isLinked":true}},"elements":[],"isInner":false,"widgetType":"ansh_optin_forms_widget","elType":"widget"}],"isInner":false,"elType":"column"}],"isInner":false,"elType":"section"}]}