{"version":"0.4","title":"Ansh Optin Form 16","type":"section","content":[{"id":"5cf6361f","settings":{"stretch_section":"section-stretched","content_width":{"unit":"px","size":500},"gap":"no","content_position":"middle","background_background":"gradient","background_color":"#666666","shape_divider_top_color":"#d6d6d6","heading_color":"#009bef","color_text":"#444444","color_link":"#009bef","color_link_hover":"#444444","text_align":"center","padding":{"unit":"px","top":"100","right":"0","bottom":"100","left":"0","isLinked":false},"padding_tablet":{"unit":"px","top":"40","right":"40","bottom":"40","left":"40","isLinked":true},"padding_mobile":{"unit":"px","top":"20","right":"20","bottom":"20","left":"20","isLinked":true},"background_position":"center center","background_attachment":"fixed","background_repeat":"no-repeat","background_size":"cover","background_color_b":"#4b4646","shape_divider_bottom":"tilt","shape_divider_bottom_color":"rgba(255,255,255,0.09)","shape_divider_bottom_height":{"unit":"px","size":390,"sizes":[]},"shape_divider_bottom_flip":"yes"},"elements":[{"id":"7fe2a027","settings":{"_column_size":100,"_inline_size":null,"heading_color":"#333333","color_text":"#666666","background_background":"classic","background_color":"#009df2","box_shadow_box_shadow_type":"yes","box_shadow_box_shadow":{"horizontal":0,"vertical":8,"blur":16,"spread":-4,"color":"rgba(0,0,0,0.4)"},"padding":{"unit":"px","top":"50","right":"50","bottom":"50","left":"50","isLinked":true},"_inline_size_tablet":60,"space_between_widgets":0,"padding_tablet":{"unit":"px","top":"25","right":"25","bottom":"25","left":"25","isLinked":true},"padding_mobile":{"unit":"px","top":"20","right":"20","bottom":"20","left":"20","isLinked":true}},"elements":[{"id":"40b448da","settings":{"title":"FIRST TIME EVER","sub-title":"75<small>% OFF<\/small>","text_alignment":"center","newslatter_provider":"mailchimp","mailchimp_list_id":"8b6fccc9dd","email_text":"Your email","first_name_text":"Your full name","display_last_name":"","last_name_text":"Enter your last name.","button_text":"Get Offer !","button_icon":"","button_icon_spacing":{"unit":"px","size":10,"sizes":[]},"button_alignment":"center","title_color":"#ffffff","title_typography_typography":"custom","title_typography_font_family":"Paytone One","title_typography_font_size":{"unit":"px","size":60,"sizes":[]},"title_typography_line_height":{"unit":"em","size":0.90000000000000002220446049250313080847263336181640625,"sizes":[]},"sub_title_color":"#fffb11","sub_title_typography_typography":"custom","sub_title_typography_font_family":"Paytone One","sub_title_typography_font_size":{"unit":"px","size":90,"sizes":[]},"sub_title_typography_font_weight":"900","optin_form_margin":{"unit":"px","top":"30","right":"0","bottom":"0","left":"0","isLinked":false},"optin_forms_input_text_Color":"#707070","optin_forms_input_backgroud_color":"#ffffff","optin_forms_input_text_typography_typography":"custom","optin_forms_input_border_width":{"unit":"px","top":"0","right":"0","bottom":"0","left":"0","isLinked":true},"optin_forms_input_radius":{"unit":"px","top":"0","right":"0","bottom":"0","left":"0","isLinked":true},"optin_forms_input_height":{"unit":"px","size":48,"sizes":[]},"button_typography_typography":"custom","button_typography_font_weight":"600","button_typography_text_transform":"uppercase","button_typography_letter_spacing":{"unit":"px","size":1,"sizes":[]},"button_text_color":"#4b4646","background_color":"#fffb11","hover_color":"#fffb11","button_background_hover_color":"#ffffff","button_hover_border_color":"#379301","button_border_width":{"unit":"px","top":"0","right":"0","bottom":"0","left":"0","isLinked":true},"button_border_radius":{"unit":"px","top":"0","right":"0","bottom":"0","left":"0","isLinked":true},"buton_box_height":{"unit":"px","size":48,"sizes":[]},"button_padding":{"unit":"px","top":"0","right":"20","bottom":"0","left":"20","isLinked":false},"button_hover_animation":"pulse","show_button_icon":"","button_icon_position":"right","title_typography_font_weight":"700","optin_forms_layout":"ansh-optin-form-inline-inside-button","description":"& free shipping on your first order*","display_first_name":"","sub_title_typography_line_height":{"unit":"em","size":0.59999999999999997779553950749686919152736663818359375,"sizes":[]},"description_color":"#ffffff","description_typography_typography":"custom","description_typography_font_size":{"unit":"px","size":20,"sizes":[]},"description_typography_line_height":{"unit":"em","size":3,"sizes":[]}},"elements":[],"isInner":false,"widgetType":"ansh_optin_forms_widget","elType":"widget"}],"isInner":false,"elType":"column"}],"isInner":false,"elType":"section"}]}