{"version":"0.4","title":"Ansh Optin Form 17","type":"section","content":[{"id":"17de3d4f","settings":{"stretch_section":"section-stretched","content_width":{"unit":"px","size":1000},"gap":"no","content_position":"middle","background_background":"classic","background_color":"#ccdde0","shape_divider_top_color":"#d6d6d6","heading_color":"#009bef","color_text":"#444444","color_link":"#009bef","color_link_hover":"#444444","text_align":"center","padding":{"unit":"px","top":"100","right":"0","bottom":"100","left":"0","isLinked":false},"padding_tablet":{"unit":"px","top":"30","right":"10","bottom":"30","left":"10","isLinked":false},"padding_mobile":{"unit":"px","top":"20","right":"10","bottom":"20","left":"10","isLinked":false},"background_color_b":"#0e5181","background_gradient_angle":{"unit":"deg","size":190,"sizes":[]}},"elements":[{"id":"19bed50e","settings":{"_column_size":100,"space_between_widgets":10,"background_background":"classic","background_color":"#ffffff","background_color_b":"#1d1b1e","background_gradient_angle":{"unit":"deg","size":160,"sizes":[]},"css_filters_css_filter":"custom","border_width":{"unit":"px","top":"5","right":"0","bottom":"0","left":"0","isLinked":false},"border_color":"#000000","box_shadow_box_shadow_type":"yes","box_shadow_box_shadow":{"horizontal":0,"vertical":20,"blur":30,"spread":-10,"color":"rgba(0,0,0,0.72)"},"padding":{"unit":"px","top":"0","right":"0","bottom":"0","left":"0","isLinked":true}},"elements":[{"id":"2680c66e","settings":{"content_position":"middle","structure":"21","margin":{"unit":"px","top":"0","right":0,"bottom":"0","left":0,"isLinked":true},"box_shadow_box_shadow":{"horizontal":0,"vertical":0,"blur":5,"spread":0,"color":"rgba(0,0,0,0.5)"}},"elements":[{"id":"30e09a82","settings":{"_column_size":33,"_inline_size":25.199999999999999289457264239899814128875732421875,"padding":{"unit":"px","top":"0","right":"0","bottom":"0","left":"0","isLinked":true}},"elements":[{"id":"33073311","settings":{"image":{"url":"http:\/\/anshelements.com\/wp-content\/uploads\/2019\/04\/sample-image-1.jpg","id":987},"image_size":"full","image_custom_dimension":{"width":"500","height":"500"},"align":"center"},"elements":[],"isInner":false,"widgetType":"image","elType":"widget"}],"isInner":true,"elType":"column"},{"id":"7574eab2","settings":{"_column_size":66,"_inline_size":74.799000000000006593836587853729724884033203125,"padding":{"unit":"px","top":"50","right":"50","bottom":"50","left":"50","isLinked":true},"background_background":"classic","background_color":"#ffffff"},"elements":[{"id":"38a98aaf","settings":{"title":"Always First","sub-title":"","newslatter_provider":"mailchimp","mailchimp_list_id":"8b6fccc9dd","email_text":"Your email","first_name_text":"Your full name","display_last_name":"","last_name_text":"Enter your last name.","button_text":"Be First","button_icon":"fa fa-arrow-right","button_icon_spacing":{"unit":"px","size":6,"sizes":[]},"title_color":"#166b72","title_typography_typography":"custom","title_typography_font_family":"Noto Sans","title_typography_font_size":{"unit":"px","size":32,"sizes":[]},"title_typography_line_height":{"unit":"em","size":1,"sizes":[]},"sub_title_color":"#707070","sub_title_typography_typography":"custom","sub_title_typography_font_family":"Noto Sans","sub_title_typography_font_size":{"unit":"px","size":22,"sizes":[]},"sub_title_typography_font_weight":"700","optin_form_margin":{"unit":"px","top":"20","right":"0","bottom":"0","left":"0","isLinked":false},"optin_forms_input_text_Color":"#707070","optin_forms_input_backgroud_color":"rgba(255,255,255,0)","optin_forms_input_text_typography_typography":"custom","optin_forms_input_text_typography_font_family":"Noto Sans","optin_forms_input_text_typography_font_size":{"unit":"px","size":16,"sizes":[]},"optin_forms_input_border_border":"solid","optin_forms_input_border_width":{"unit":"px","top":"1","right":"1","bottom":"1","left":"1","isLinked":true},"optin_forms_input_radius":{"unit":"px","top":"0","right":"0","bottom":"0","left":"0","isLinked":true},"optin_forms_input_height":{"unit":"px","size":48,"sizes":[]},"button_typography_typography":"custom","button_typography_font_family":"Noto Sans","button_typography_font_size":{"unit":"px","size":16,"sizes":[]},"button_typography_font_weight":"700","button_typography_text_transform":"uppercase","button_typography_letter_spacing":{"unit":"px","size":1,"sizes":[]},"button_text_color":"#ffffff","background_color":"#166b72","hover_color":"#166b72","button_background_hover_color":"#ffffff","button_hover_border_color":"#166b72","button_border_width":{"unit":"px","top":"1","right":"1","bottom":"1","left":"1","isLinked":true},"button_border_color":"#166b72","button_border_radius":{"unit":"px","top":"0","right":"0","bottom":"0","left":"0","isLinked":true},"buton_box_height":{"unit":"px","size":48,"sizes":[]},"button_padding":{"unit":"px","top":"0","right":"25","bottom":"0","left":"25","isLinked":false},"button_icon_position":"right","title_typography_text_transform":"uppercase","optin_forms_input_border_color":"#166b72","description":"Be the first to find out about new styles and exclusive offers, and get 20% off your first purchase.","sub_title_typography_text_transform":"uppercase","description_color":"#4b4646","description_typography_typography":"custom","description_typography_font_family":"Noto Sans","description_typography_font_size":{"unit":"px","size":18,"sizes":[]},"button_border_border":"solid","optin_forms_layout":"ansh-optin-form-inline","display_first_name":""},"elements":[],"isInner":false,"widgetType":"ansh_optin_forms_widget","elType":"widget"}],"isInner":true,"elType":"column"}],"isInner":true,"elType":"section"}],"isInner":false,"elType":"column"}],"isInner":false,"elType":"section"}]}