{"version":"0.4","title":"Ansh Optin Form 13","type":"section","content":[{"id":"7286df0c","settings":{"stretch_section":"section-stretched","content_width":{"unit":"px","size":800},"gap":"no","content_position":"middle","background_background":"classic","background_color":"#0c2651","shape_divider_top_color":"#d6d6d6","heading_color":"#009bef","color_text":"#444444","color_link":"#009bef","color_link_hover":"#444444","text_align":"center","padding":{"unit":"px","top":"0","right":"0","bottom":"0","left":"0","isLinked":true},"padding_tablet":{"unit":"px","top":"40","right":"40","bottom":"40","left":"40","isLinked":true},"padding_mobile":{"unit":"px","top":"20","right":"20","bottom":"20","left":"20","isLinked":true},"background_position":"center center","background_attachment":"scroll","background_repeat":"no-repeat","background_size":"cover","background_image":{"url":"http:\/\/anshelements.com\/wp-content\/uploads\/2019\/02\/nikita-vantorin-417627-unsplash.jpg","id":707},"margin":{"unit":"px","top":"","right":0,"bottom":"","left":0,"isLinked":true},"overflow":"hidden"},"elements":[{"id":"1e988024","settings":{"_column_size":100,"_inline_size":null,"heading_color":"#333333","color_text":"#666666","background_background":"classic","background_color":"rgba(0,22,61,0.86)","padding":{"unit":"px","top":"150","right":"100","bottom":"150","left":"100","isLinked":false},"space_between_widgets":0,"padding_tablet":{"unit":"px","top":"40","right":"40","bottom":"40","left":"40","isLinked":true},"padding_mobile":{"unit":"px","top":"20","right":"20","bottom":"20","left":"20","isLinked":true}},"elements":[{"id":"752dbb31","settings":{"title":"Subscribe","sub-title":"Get up to 25% discount on your firs purchase","newslatter_provider":"mailchimp","mailchimp_list_id":"8b6fccc9dd","email_text":"Your email","first_name_text":"Your full name","display_last_name":"","last_name_text":"Enter your last name.","button_text":"SUBSCRIBE","button_icon":"fa fa-envelope-open","button_icon_spacing":{"unit":"px","size":10,"sizes":[]},"title_color":"#47c43e","title_typography_typography":"custom","title_typography_font_family":"Montserrat","title_typography_font_size":{"unit":"px","size":36,"sizes":[]},"title_typography_letter_spacing":{"unit":"px","size":2,"sizes":[]},"sub_title_color":"#d6d1d1","sub_title_typography_typography":"custom","sub_title_typography_font_family":"Montserrat","sub_title_typography_font_size":{"unit":"px","size":22,"sizes":[]},"sub_title_typography_font_weight":"800","sub_title_typography_line_height":{"unit":"em","size":1.1999999999999999555910790149937383830547332763671875,"sizes":[]},"sub_title_typography_letter_spacing":{"unit":"px","size":0,"sizes":[]},"optin_form_margin":{"unit":"px","top":"20","right":"0","bottom":"0","left":"0","isLinked":false},"optin_forms_input_text_Color":"#b7b4b4","optin_forms_input_backgroud_color":"rgba(255,255,255,0)","optin_forms_input_text_typography_typography":"custom","optin_forms_input_text_typography_font_size":{"unit":"px","size":17,"sizes":[]},"optin_forms_input_border_border":"solid","optin_forms_input_border_width":{"unit":"px","top":"2","right":"2","bottom":"2","left":"2","isLinked":true},"optin_forms_input_radius":{"unit":"px","top":"25","right":"25","bottom":"25","left":"25","isLinked":true},"optin_forms_input_height":{"unit":"px","size":48,"sizes":[]},"button_typography_typography":"custom","button_typography_font_family":"Montserrat","button_typography_font_size":{"unit":"px","size":16,"sizes":[]},"button_typography_font_weight":"800","button_typography_text_transform":"uppercase","button_typography_letter_spacing":{"unit":"px","size":1,"sizes":[]},"button_text_color":"#1f3154","background_color":"#47c43e","hover_color":"#ffffff","button_border_width":{"unit":"px","top":"0","right":"0","bottom":"0","left":"0","isLinked":true},"button_border_radius":{"unit":"px","top":"0","right":"25","bottom":"25","left":"0","isLinked":false},"buton_box_height":{"unit":"px","size":48,"sizes":[]},"button_padding":{"unit":"px","top":"0","right":"20","bottom":"0","left":"20","isLinked":false},"display_first_name":"","title_typography_text_transform":"uppercase","optin_forms_input_border_color":"#47c43e","optin_forms_layout":"ansh-optin-form-inline-inside-button","title_typography_font_weight":"800","optin_forms_input_text_typography_font_weight":"normal","button_border_border":"solid","description":"Simply subscribe our newsletter and up to 25% discount on your first purchase with promocode SUB25","text_alignment":"center","button_icon_position":"right","description_color":"#e2e2e2","description_typography_typography":"custom","description_typography_font_size":{"unit":"px","size":15,"sizes":[]}},"elements":[],"isInner":false,"widgetType":"ansh_optin_forms_widget","elType":"widget"}],"isInner":false,"elType":"column"}],"isInner":false,"elType":"section"}]}