{"version":"0.4","title":"Ansh Optin Form 14","type":"section","content":[{"id":"37e84925","settings":{"stretch_section":"section-stretched","content_width":{"unit":"px","size":1000},"gap":"no","content_position":"middle","background_background":"classic","background_color":"#4b4646","shape_divider_top_color":"#d6d6d6","heading_color":"#009bef","color_text":"#444444","color_link":"#009bef","color_link_hover":"#444444","text_align":"center","padding":{"unit":"px","top":"100","right":"0","bottom":"100","left":"0","isLinked":false},"padding_tablet":{"unit":"px","top":"30","right":"10","bottom":"30","left":"10","isLinked":false},"padding_mobile":{"unit":"px","top":"20","right":"10","bottom":"20","left":"10","isLinked":false},"background_color_b":"#0e5181","background_gradient_angle":{"unit":"deg","size":190,"sizes":[]}},"elements":[{"id":"6509a9d","settings":{"_column_size":100,"space_between_widgets":10,"background_background":"classic","background_color":"#ffffff","background_color_b":"#1d1b1e","background_gradient_angle":{"unit":"deg","size":160,"sizes":[]},"css_filters_css_filter":"custom","border_width":{"unit":"px","top":"5","right":"0","bottom":"0","left":"0","isLinked":false},"border_color":"#000000","box_shadow_box_shadow_type":"yes","box_shadow_box_shadow":{"horizontal":0,"vertical":20,"blur":30,"spread":-10,"color":"rgba(0,0,0,0.72)"},"padding":{"unit":"px","top":"0","right":"0","bottom":"0","left":"0","isLinked":true}},"elements":[{"id":"69ca61f1","settings":{"content_position":"middle","structure":"20","margin":{"unit":"px","top":"0","right":0,"bottom":"0","left":0,"isLinked":true}},"elements":[{"id":"50f12c80","settings":{"_column_size":50,"_inline_size":50,"padding":{"unit":"px","top":"0","right":"0","bottom":"0","left":"0","isLinked":true}},"elements":[{"id":"43dc8f7d","settings":{"image":{"url":"http:\/\/anshelements.com\/wp-content\/uploads\/2019\/03\/004.jpg","id":823},"image_size":"custom","image_custom_dimension":{"width":"500","height":"500"},"align":"center"},"elements":[],"isInner":false,"widgetType":"image","elType":"widget"}],"isInner":true,"elType":"column"},{"id":"e79b310","settings":{"_column_size":50,"_inline_size":50,"padding":{"unit":"px","top":"50","right":"50","bottom":"50","left":"50","isLinked":true},"background_background":"classic","background_color":"#b90a12"},"elements":[{"id":"6264f0d2","settings":{"title":"25<small>% discount<\/small>","sub-title":"on your firs purchase","newslatter_provider":"mailchimp","mailchimp_list_id":"8b6fccc9dd","email_text":"Your email","first_name_text":"Your full name","display_last_name":"","last_name_text":"Enter your last name.","button_text":"SIGN UP NOW","button_icon":"fa fa-arrow-right","button_icon_spacing":{"unit":"px","size":10,"sizes":[]},"title_color":"#ffdf11","title_typography_typography":"custom","title_typography_font_family":"Ribeye","title_typography_font_size":{"unit":"px","size":44,"sizes":[]},"title_typography_line_height":{"unit":"em","size":1,"sizes":[]},"sub_title_color":"#ffffff","sub_title_typography_typography":"custom","sub_title_typography_font_family":"Roboto","sub_title_typography_font_size":{"unit":"px","size":22,"sizes":[]},"sub_title_typography_font_weight":"700","optin_form_margin":{"unit":"px","top":"30","right":"0","bottom":"0","left":"0","isLinked":false},"optin_forms_input_text_Color":"#ffffff","optin_forms_input_backgroud_color":"rgba(255,255,255,0)","optin_forms_input_text_typography_typography":"custom","optin_forms_input_text_typography_font_family":"Roboto Condensed","optin_forms_input_text_typography_font_size":{"unit":"px","size":16,"sizes":[]},"optin_forms_input_border_border":"solid","optin_forms_input_border_width":{"unit":"px","top":"1","right":"1","bottom":"1","left":"1","isLinked":true},"optin_forms_input_radius":{"unit":"px","top":"0","right":"0","bottom":"0","left":"0","isLinked":true},"optin_forms_input_height":{"unit":"px","size":48,"sizes":[]},"button_typography_typography":"custom","button_typography_font_family":"Roboto Condensed","button_typography_font_size":{"unit":"px","size":16,"sizes":[]},"button_typography_font_weight":"600","button_typography_text_transform":"uppercase","button_typography_letter_spacing":{"unit":"px","size":1,"sizes":[]},"button_text_color":"#ffdf11","background_color":"rgba(255,223,17,0)","hover_color":"#b90a12","button_background_hover_color":"#ffdf11","button_hover_border_color":"#ffdf11","button_border_width":{"unit":"px","top":"1","right":"1","bottom":"1","left":"1","isLinked":true},"button_border_color":"#ffdf11","button_border_radius":{"unit":"px","top":"0","right":"0","bottom":"0","left":"0","isLinked":true},"buton_box_height":{"unit":"px","size":48,"sizes":[]},"button_padding":{"unit":"px","top":"0","right":"25","bottom":"0","left":"25","isLinked":false},"button_icon_position":"right","title_typography_text_transform":"uppercase","optin_forms_input_border_color":"#ffffff","description":"Simply subscribe our newsletter and up to 25% discount on your first purchase with promocode SUB25\u200b","show_button_icon":"","sub_title_typography_text_transform":"uppercase","description_color":"#ffffff","description_typography_typography":"custom","description_typography_font_family":"Roboto","description_typography_font_size":{"unit":"px","size":16,"sizes":[]},"button_border_border":"solid"},"elements":[],"isInner":false,"widgetType":"ansh_optin_forms_widget","elType":"widget"}],"isInner":true,"elType":"column"}],"isInner":true,"elType":"section"}],"isInner":false,"elType":"column"}],"isInner":false,"elType":"section"}]}