{"version":"0.4","title":"Ansh Optin Form 12","type":"section","content":[{"id":"744711f5","settings":{"stretch_section":"section-stretched","content_width":{"unit":"px","size":1000},"gap":"no","content_position":"middle","background_background":"classic","background_color":"#f4f4f4","shape_divider_top_color":"#d6d6d6","heading_color":"#009bef","color_text":"#444444","color_link":"#009bef","color_link_hover":"#444444","text_align":"center","padding_tablet":{"unit":"px","top":"0","right":"0","bottom":"0","left":"0","isLinked":true},"padding_mobile":{"unit":"px","top":"0","right":"0","bottom":"0","left":"0","isLinked":true},"structure":"20","background_image":{"url":"http:\/\/anshelements.com\/wp-content\/uploads\/2019\/02\/nikita-vantorin-417627-unsplash.jpg","id":707},"background_position":"center center","background_attachment":"scroll","background_repeat":"no-repeat","background_size":"cover","background_overlay_background":"classic","background_overlay_color":"#a500ff","background_overlay_opacity":{"unit":"px","size":0.84999999999999997779553950749686919152736663818359375}},"elements":[{"id":"36c913cb","settings":{"_column_size":50,"space_between_widgets":5,"_inline_size":null,"heading_color":"#ffffff","color_text":"#ffffff","padding":{"unit":"px","top":"0","right":"50","bottom":"0","left":"0","isLinked":false},"padding_tablet":{"unit":"px","top":"30","right":"30","bottom":"30","left":"30","isLinked":true},"padding_mobile":{"unit":"px","top":"30","right":"30","bottom":"30","left":"30","isLinked":true}},"elements":[{"id":"2abab29b","settings":{"title":"Subscribe","align":"left","typography_typography":"custom","typography_font_size":{"unit":"px","size":36},"_margin":{"unit":"px","top":"0","right":"0","bottom":"15","left":"0","isLinked":false},"typography_font_size_tablet":{"unit":"px","size":24},"typography_font_size_mobile":{"unit":"px","size":20}},"elements":[],"isInner":false,"widgetType":"heading","elType":"widget"},{"id":"21e4fd9e","settings":{"title":"Subscribe our newsletter and stay connected with us, \nour latest news &amp; new products are you inbox","header_size":"p","align":"left","typography_typography":"custom","typography_font_size":{"unit":"px","size":18},"typography_font_weight":"400","typography_line_height":{"unit":"em","size":1.399999999999999911182158029987476766109466552734375},"typography_font_size_tablet":{"unit":"px","size":16},"typography_font_size_mobile":{"unit":"px","size":15}},"elements":[],"isInner":false,"widgetType":"heading","elType":"widget"}],"isInner":false,"elType":"column"},{"id":"6599ab","settings":{"_column_size":50,"space_between_widgets":10,"_inline_size":null,"background_background":"classic","background_color":"rgba(255,255,255,0.24)","heading_color":"#333333","color_text":"#666666","padding":{"unit":"px","top":"150","right":"40","bottom":"150","left":"40","isLinked":false},"padding_tablet":{"unit":"px","top":"60","right":"30","bottom":"60","left":"30","isLinked":false},"padding_mobile":{"unit":"px","top":"30","right":"30","bottom":"30","left":"30","isLinked":true}},"elements":[{"id":"62433e5e","settings":{"title":"","sub-title":"","text_alignment":"center","newslatter_provider":"mailchimp","mailchimp_list_id":"8b6fccc9dd","email_text":"Your email","first_name_text":"Your full name","display_last_name":"","last_name_text":"Enter your last name.","button_text":"Subscribe Now","button_icon":"","button_icon_spacing":{"unit":"px","size":10,"sizes":[]},"button_alignment":"center","title_color":"#379301","title_typography_typography":"custom","title_typography_font_family":"Lato","title_typography_font_size":{"unit":"px","size":44,"sizes":[]},"title_typography_line_height":{"unit":"em","size":1,"sizes":[]},"sub_title_color":"#707070","sub_title_typography_typography":"custom","sub_title_typography_font_family":"Lato","sub_title_typography_font_size":{"unit":"px","size":18,"sizes":[]},"sub_title_typography_font_weight":"400","optin_form_margin":{"unit":"px","top":"40","right":"0","bottom":"0","left":"0","isLinked":false},"optin_forms_input_text_Color":"#707070","optin_forms_input_backgroud_color":"#ffffff","optin_forms_input_text_typography_typography":"custom","optin_forms_input_text_typography_font_family":"Roboto","optin_forms_input_border_width":{"unit":"px","top":"1","right":"1","bottom":"1","left":"1","isLinked":true},"optin_forms_input_radius":{"unit":"px","top":"0","right":"0","bottom":"0","left":"0","isLinked":true},"optin_forms_input_height":{"unit":"px","size":48,"sizes":[]},"button_typography_typography":"custom","button_typography_font_family":"Roboto","button_typography_font_weight":"600","button_typography_text_transform":"uppercase","button_typography_letter_spacing":{"unit":"px","size":1,"sizes":[]},"button_text_color":"#9609e2","background_color":"#ffffff","hover_color":"#ffffff","button_background_hover_color":"#9609e2","button_border_width":{"unit":"px","top":"0","right":"0","bottom":"0","left":"0","isLinked":true},"button_border_color":"#379301","button_border_radius":{"unit":"px","top":"0","right":"0","bottom":"0","left":"0","isLinked":true},"buton_box_height":{"unit":"px","size":48,"sizes":[]},"button_padding":{"unit":"px","top":"0","right":"25","bottom":"0","left":"25","isLinked":false},"button_hover_animation":"push","optin_forms_input_border_color":"#379301","display_first_name":"","show_button_icon":"","button_icon_position":"right","title_typography_font_weight":"700","button_typography_font_size":{"unit":"px","size":16,"sizes":[]},"button_border_border":"solid"},"elements":[],"isInner":false,"widgetType":"ansh_optin_forms_widget","elType":"widget"}],"isInner":false,"elType":"column"}],"isInner":false,"elType":"section"}]}