{"version":"0.4","title":"Ansh Optin Form 01","type":"section","content":[{"id":"20835769","settings":{"stretch_section":"section-stretched","content_width":{"unit":"px","size":500},"gap":"no","content_position":"middle","background_background":"gradient","background_color":"#ebeaed","shape_divider_top_color":"#d6d6d6","heading_color":"#009bef","color_text":"#444444","color_link":"#009bef","color_link_hover":"#444444","text_align":"center","padding":{"unit":"px","top":"70","right":"0","bottom":"70","left":"0","isLinked":false},"padding_tablet":{"unit":"px","top":"30","right":"10","bottom":"30","left":"10","isLinked":false},"padding_mobile":{"unit":"px","top":"20","right":"10","bottom":"20","left":"10","isLinked":false},"background_color_b":"#a8a5aa","background_gradient_angle":{"unit":"deg","size":160,"sizes":[]}},"elements":[{"id":"712ae11c","settings":{"_column_size":100,"space_between_widgets":10,"background_background":"gradient","background_color":"#464049","background_color_b":"#1d1b1e","background_gradient_angle":{"unit":"deg","size":160,"sizes":[]},"css_filters_css_filter":"custom","border_width":{"unit":"px","top":"1","right":"1","bottom":"1","left":"1","isLinked":true},"border_color":"#464049","border_radius":{"unit":"px","top":"25","right":"25","bottom":"25","left":"25","isLinked":true},"box_shadow_box_shadow_type":"yes","box_shadow_box_shadow":{"horizontal":0,"vertical":15,"blur":25,"spread":-10,"color":"rgba(0,0,0,0.71)"},"padding":{"unit":"px","top":"50","right":"50","bottom":"50","left":"50","isLinked":true}},"elements":[{"id":"29628730","settings":{"title":"Subscribe Now","sub-title":"Get updated to our latest updates.","text_alignment":"center","email_text":"Enter your email.","first_name_text":"Enter your first name.","last_name_text":"Enter your last name.","button_text":"SUBSCRIBE!","button_icon":"fa fa-check-square-o","button_icon_spacing":{"unit":"px","size":10,"sizes":[]},"button_alignment":"center","title_color":"#a87d53","title_typography_typography":"custom","title_typography_font_family":"Permanent Marker","title_typography_font_size":{"unit":"px","size":44,"sizes":[]},"title_typography_line_height":{"unit":"em","size":1,"sizes":[]},"sub_title_color":"#ffffff","sub_title_typography_typography":"custom","sub_title_typography_font_family":"Montserrat","sub_title_typography_font_size":{"unit":"px","size":14,"sizes":[]},"sub_title_typography_font_weight":"600","sub_title_typography_text_transform":"uppercase","optin_form_margin":{"unit":"px","top":"40","right":"0","bottom":"0","left":"0","isLinked":false},"optin_forms_input_text_typography_typography":"custom","optin_forms_input_text_typography_font_family":"Montserrat","optin_forms_input_height":{"unit":"px","size":48,"sizes":[]},"button_typography_typography":"custom","button_typography_font_family":"Montserrat","button_typography_font_weight":"600","button_typography_text_transform":"uppercase","button_typography_letter_spacing":{"unit":"px","size":1,"sizes":[]},"button_text_color":"#ffffff","background_color":"#a87d53","hover_color":"#a87d53","button_background_hover_color":"rgba(0,0,0,0)","button_hover_border_color":"#a87d53","button_border_border":"solid","button_border_width":{"unit":"px","top":"1","right":"1","bottom":"1","left":"1","isLinked":true},"button_border_color":"#a87d53","buton_box_height":{"unit":"px","size":48,"sizes":[]},"button_padding":{"unit":"px","top":"0","right":"25","bottom":"0","left":"25","isLinked":false},"newslatter_provider":"mailchimp","mailchimp_list_id":"61008d44c7"},"elements":[],"isInner":false,"widgetType":"ansh_optin_forms_widget","elType":"widget"}],"isInner":false,"elType":"column"}],"isInner":false,"elType":"section"}]}