{"version":"0.4","title":"Ansh Optin Form 19","type":"section","content":[{"id":"22b181b5","settings":{"stretch_section":"section-stretched","content_width":{"unit":"px","size":400},"gap":"no","content_position":"middle","background_background":"classic","background_color":"#e2e2e2","shape_divider_top_color":"#d6d6d6","heading_color":"#009bef","color_text":"#444444","color_link":"#009bef","color_link_hover":"#444444","text_align":"center","padding":{"unit":"px","top":"100","right":"0","bottom":"100","left":"0","isLinked":false},"padding_tablet":{"unit":"px","top":"40","right":"40","bottom":"40","left":"40","isLinked":true},"padding_mobile":{"unit":"px","top":"20","right":"20","bottom":"20","left":"20","isLinked":true},"background_position":"center center","background_attachment":"fixed","background_repeat":"no-repeat","background_size":"cover","background_color_b":"#4b4646","shape_divider_bottom_color":"rgba(0,0,0,0.04)","shape_divider_bottom_height":{"unit":"px","size":390,"sizes":[]},"shape_divider_bottom_flip":"yes"},"elements":[{"id":"26f71112","settings":{"_column_size":100,"_inline_size":null,"heading_color":"#333333","color_text":"#666666","background_background":"classic","background_color":"#ffffff","box_shadow_box_shadow_type":"yes","box_shadow_box_shadow":{"horizontal":0,"vertical":8,"blur":16,"spread":-4,"color":"rgba(0,0,0,0.4)"},"padding":{"unit":"px","top":"10","right":"10","bottom":"10","left":"10","isLinked":true},"_inline_size_tablet":60,"space_between_widgets":0,"padding_tablet":{"unit":"px","top":"25","right":"25","bottom":"25","left":"25","isLinked":true},"padding_mobile":{"unit":"px","top":"20","right":"20","bottom":"20","left":"20","isLinked":true}},"elements":[{"id":"2af14f27","settings":{"layout":"full_width"},"elements":[{"id":"4dea9df0","settings":{"_column_size":100,"_inline_size":null,"space_between_widgets":0,"border_border":"solid","border_width":{"unit":"px","top":"4","right":"4","bottom":"4","left":"4","isLinked":true},"border_color":"#000000","margin":{"unit":"px","top":"0","right":"0","bottom":"0","left":"0","isLinked":true},"padding":{"unit":"px","top":"20","right":"20","bottom":"20","left":"20","isLinked":true}},"elements":[{"id":"3e91e66c","settings":{"title":"GOOD THINGS","title_color":"#000000","typography_typography":"custom","typography_font_family":"Montserrat","typography_font_size":{"unit":"px","size":40,"sizes":[]},"typography_font_weight":"900"},"elements":[],"isInner":false,"widgetType":"heading","elType":"widget"},{"id":"22e9ef5","settings":{"title":"Get some good things to your inbox","header_size":"p","align":"center","title_color":"#000000","typography_typography":"custom","typography_font_family":"Montserrat","typography_font_size":{"unit":"px","size":22,"sizes":[]},"typography_font_weight":"700","typography_line_height":{"unit":"em","size":1.399999999999999911182158029987476766109466552734375,"sizes":[]},"_margin":{"unit":"px","top":"15","right":"0","bottom":"15","left":"0","isLinked":false},"_padding":{"unit":"px","top":"15","right":"0","bottom":"15","left":"0","isLinked":false},"_border_border":"solid","_border_width":{"unit":"px","top":"1","right":"0","bottom":"1","left":"0","isLinked":false}},"elements":[],"isInner":false,"widgetType":"heading","elType":"widget"},{"id":"6df7bfd","settings":{"title":"Get some good things to your inbox, just subscribe our newsletter now.","header_size":"p","align":"center","title_color":"#000000","typography_typography":"custom","typography_font_family":"Montserrat","typography_font_size":{"unit":"px","size":16,"sizes":[]},"typography_font_weight":"600","typography_line_height":{"unit":"em","size":1.399999999999999911182158029987476766109466552734375,"sizes":[]}},"elements":[],"isInner":false,"widgetType":"heading","elType":"widget"},{"id":"1c9080a7","settings":{"title":"","sub-title":"","text_alignment":"center","newslatter_provider":"mailchimp","mailchimp_list_id":"8b6fccc9dd","email_text":"Your email","first_name_text":"Your full name","display_last_name":"","last_name_text":"Enter your last name.","button_text":"","button_icon":"fa fa-send","button_icon_spacing":{"unit":"px","size":0,"sizes":[]},"button_alignment":"center","title_color":"#000000","title_typography_typography":"custom","title_typography_font_family":"Montserrat","title_typography_font_size":{"unit":"px","size":52,"sizes":[]},"title_typography_line_height":{"unit":"em","size":0.90000000000000002220446049250313080847263336181640625,"sizes":[]},"sub_title_color":"#000000","sub_title_typography_typography":"custom","sub_title_typography_font_family":"Paytone One","sub_title_typography_font_size":{"unit":"px","size":90,"sizes":[]},"sub_title_typography_font_weight":"900","optin_form_margin":{"unit":"px","top":"20","right":"0","bottom":"0","left":"0","isLinked":false},"optin_forms_input_text_Color":"#000000","optin_forms_input_backgroud_color":"#ffffff","optin_forms_input_text_typography_typography":"custom","optin_forms_input_text_typography_font_family":"Montserrat","optin_forms_input_border_border":"solid","optin_forms_input_border_width":{"unit":"px","top":"2","right":"2","bottom":"2","left":"2","isLinked":true},"optin_forms_input_radius":{"unit":"px","top":"0","right":"0","bottom":"0","left":"0","isLinked":true},"optin_forms_input_height":{"unit":"px","size":48,"sizes":[]},"button_typography_typography":"custom","button_typography_font_family":"Montserrat","button_typography_font_weight":"600","button_typography_text_transform":"uppercase","button_typography_letter_spacing":{"unit":"px","size":1,"sizes":[]},"button_text_color":"#ffffff","background_color":"#000000","hover_color":"#000000","button_background_hover_color":"#ffffff","button_hover_border_color":"#000000","button_border_width":{"unit":"px","top":"2","right":"2","bottom":"2","left":"2","isLinked":true},"button_border_color":"#000000","button_border_radius":{"unit":"px","top":"0","right":"0","bottom":"0","left":"0","isLinked":true},"buton_box_height":{"unit":"px","size":48,"sizes":[]},"button_padding":{"unit":"px","top":"0","right":"20","bottom":"0","left":"20","isLinked":false},"optin_forms_input_border_color":"#000000","button_icon_position":"right","title_typography_font_weight":"900","button_border_border":"solid","optin_forms_layout":"ansh-optin-form-inline-inside-button","display_first_name":"","sub_title_typography_line_height":{"unit":"em","size":0.59999999999999997779553950749686919152736663818359375,"sizes":[]},"description_color":"#000000","description_typography_typography":"custom","description_typography_font_family":"Montserrat","description_typography_font_size":{"unit":"px","size":20,"sizes":[]},"description_typography_font_weight":"600","description_typography_line_height":{"unit":"em","size":1.399999999999999911182158029987476766109466552734375,"sizes":[]},"optin_forms_input_text_typography_font_weight":"600","_border_width":{"unit":"px","top":"4","right":"4","bottom":"4","left":"4","isLinked":true},"_border_color":"#000000"},"elements":[],"isInner":false,"widgetType":"ansh_optin_forms_widget","elType":"widget"}],"isInner":true,"elType":"column"}],"isInner":true,"elType":"section"}],"isInner":false,"elType":"column"}],"isInner":false,"elType":"section"}]}