{"version":"0.4","title":"Ansh Optin Form 31","type":"section","content":[{"id":"2004dbfd","settings":{"content_position":"middle","structure":"20","margin":{"unit":"px","top":"0","right":0,"bottom":"0","left":0,"isLinked":true},"box_shadow_box_shadow":{"horizontal":0,"vertical":0,"blur":5,"spread":0,"color":"rgba(0,0,0,0.5)"},"layout":"full_width"},"elements":[{"id":"67e6d835","settings":{"_column_size":50,"_inline_size":null,"padding":{"unit":"px","top":"60","right":"60","bottom":"60","left":"60","isLinked":true},"background_background":"classic","background_color":"#ffffff","padding_mobile":{"unit":"px","top":"20","right":"20","bottom":"20","left":"20","isLinked":true},"background_position":"center center","background_repeat":"no-repeat","background_size":"cover"},"elements":[{"id":"5bcceb55","settings":{"title":"Connect","sub-title":"","newslatter_provider":"mailchimp","mailchimp_list_id":"8b6fccc9dd","email_text":"Email","first_name_text":"First name","last_name_text":"Last name","button_text":"Sign up","button_icon":"fa fa-envelope-o","button_icon_spacing":{"unit":"px","size":6,"sizes":[]},"title_color":"#ef414c","title_typography_typography":"custom","title_typography_font_family":"Georgia","title_typography_font_size":{"unit":"px","size":40,"sizes":[]},"sub_title_color":"#707070","sub_title_typography_typography":"custom","sub_title_typography_font_family":"Noto Sans","sub_title_typography_font_size":{"unit":"px","size":22,"sizes":[]},"sub_title_typography_font_weight":"700","optin_form_margin":{"unit":"px","top":"30","right":"0","bottom":"0","left":"0","isLinked":false},"optin_forms_input_text_Color":"#b7b4b4","optin_forms_input_text_typography_typography":"custom","optin_forms_input_text_typography_font_family":"Georgia","optin_forms_input_text_typography_font_size":{"unit":"px","size":15,"sizes":[]},"optin_forms_input_border_border":"solid","optin_forms_input_border_width":{"unit":"px","top":"1","right":"1","bottom":"1","left":"1","isLinked":true},"optin_forms_input_radius":{"unit":"px","top":"0","right":"0","bottom":"0","left":"0","isLinked":true},"optin_forms_input_height":{"unit":"px","size":48,"sizes":[]},"button_typography_typography":"custom","button_typography_font_family":"Georgia","button_typography_font_size":{"unit":"px","size":18,"sizes":[]},"button_typography_font_weight":"700","button_typography_letter_spacing":{"unit":"px","size":1,"sizes":[]},"button_text_color":"#ffffff","background_color":"#707070","hover_color":"#ffffff","button_background_hover_color":"#ef414c","button_border_width":{"unit":"px","top":"0","right":"0","bottom":"0","left":"0","isLinked":true},"button_border_radius":{"unit":"px","top":"0","right":"0","bottom":"0","left":"0","isLinked":true},"buton_box_height":{"unit":"px","size":48,"sizes":[]},"button_padding":{"unit":"px","top":"0","right":"25","bottom":"0","left":"25","isLinked":false},"optin_forms_input_border_color":"#b7b4b4","sub_title_typography_text_transform":"uppercase","description_color":"#4b4646","description_typography_typography":"custom","description_typography_font_family":"Noto Sans","description_typography_font_size":{"unit":"px","size":18,"sizes":[]},"button_border_border":"solid","text_alignment_mobile":"center","title_typography_font_size_mobile":{"unit":"px","size":24,"sizes":[]},"description_typography_font_size_mobile":{"unit":"px","size":15,"sizes":[]},"optin_form_margin_mobile":{"unit":"px","top":"0","right":"0","bottom":"0","left":"0","isLinked":true},"title_typography_font_weight":"700","optin_forms_input_text_typography_font_weight":"400","button_margin":{"unit":"px","top":"10","right":"0","bottom":"0","left":"0","isLinked":false},"title_typography_font_size_tablet":{"unit":"px","size":24,"sizes":[]},"optin_form_margin_tablet":{"unit":"px","top":"0","right":"0","bottom":"0","left":"0","isLinked":true},"optin_forms_input_text_typography_font_size_tablet":{"unit":"px","size":14,"sizes":[]},"optin_forms_input_height_tablet":{"unit":"px","size":40,"sizes":[]},"optin_forms_input_margin_tablet":{"unit":"px","top":"10","right":"0","bottom":"0","left":"0","isLinked":false},"button_typography_font_size_tablet":{"unit":"px","size":15,"sizes":[]},"buton_box_height_tablet":{"unit":"px","size":40,"sizes":[]},"title_typography_font_style":"italic"},"elements":[],"isInner":false,"widgetType":"ansh_optin_forms_widget","elType":"widget"}],"isInner":true,"elType":"column"},{"id":"2436e805","settings":{"_column_size":50,"_inline_size":null,"padding":{"unit":"px","top":"0","right":"0","bottom":"0","left":"0","isLinked":true}},"elements":[{"id":"db0b124","settings":{"image":{"url":"https:\/\/anshelements.com\/wp-content\/uploads\/2019\/05\/newsletter-2.jpg","id":1142},"image_size":"full","image_custom_dimension":{"width":"500","height":"500"},"align":"center"},"elements":[],"isInner":false,"widgetType":"image","elType":"widget"}],"isInner":true,"elType":"column"}],"isInner":true,"elType":"section"}]}