{"version":"0.4","title":"Ansh Optin Form 11","type":"section","content":[{"id":"5827175e","settings":{"stretch_section":"section-stretched","content_width":{"unit":"px","size":1000},"gap":"no","content_position":"middle","background_background":"classic","background_color":"#f4f4f4","shape_divider_top_color":"#d6d6d6","heading_color":"#009bef","color_text":"#444444","color_link":"#009bef","color_link_hover":"#444444","text_align":"center","padding":{"unit":"px","top":"100","right":"0","bottom":"100","left":"0","isLinked":false},"padding_tablet":{"unit":"px","top":"40","right":"40","bottom":"40","left":"40","isLinked":true},"padding_mobile":{"unit":"px","top":"20","right":"20","bottom":"20","left":"20","isLinked":true},"structure":"20","background_image":{"url":"http:\/\/anshelements.com\/wp-content\/uploads\/2019\/02\/igor-son-328211-unsplash.jpg","id":710},"background_position":"center center","background_attachment":"fixed","background_repeat":"no-repeat","background_size":"cover"},"elements":[{"id":"58681aa1","settings":{"_column_size":50,"_inline_size":null,"heading_color":"#333333","color_text":"#666666","background_background":"classic","background_color":"#ffffff","border_radius":{"unit":"px","top":"12","right":"12","bottom":"12","left":"12","isLinked":true},"box_shadow_box_shadow_type":"yes","box_shadow_box_shadow":{"horizontal":0,"vertical":10,"blur":20,"spread":-5,"color":"rgba(0,0,0,0.58)"},"padding":{"unit":"px","top":"50","right":"50","bottom":"50","left":"50","isLinked":true},"_inline_size_tablet":60,"space_between_widgets":0,"padding_tablet":{"unit":"px","top":"25","right":"25","bottom":"25","left":"25","isLinked":true},"padding_mobile":{"unit":"px","top":"20","right":"20","bottom":"20","left":"20","isLinked":true}},"elements":[{"id":"3aebe135","settings":{"title":"Newsletter","sub-title":"Subscribe our newsletter and get updated","text_alignment":"center","newslatter_provider":"mailchimp","mailchimp_list_id":"8b6fccc9dd","email_text":"Your email","first_name_text":"Your full name","display_last_name":"","last_name_text":"Enter your last name.","button_text":"Subscribe Now","button_icon":"","button_icon_spacing":{"unit":"px","size":10,"sizes":[]},"button_alignment":"center","title_color":"#379301","title_typography_typography":"custom","title_typography_font_family":"Lato","title_typography_font_size":{"unit":"px","size":44,"sizes":[]},"title_typography_line_height":{"unit":"em","size":1,"sizes":[]},"sub_title_color":"#707070","sub_title_typography_typography":"custom","sub_title_typography_font_family":"Lato","sub_title_typography_font_size":{"unit":"px","size":18,"sizes":[]},"sub_title_typography_font_weight":"400","optin_form_margin":{"unit":"px","top":"40","right":"0","bottom":"0","left":"0","isLinked":false},"optin_forms_input_text_Color":"#707070","optin_forms_input_backgroud_color":"#ffffff","optin_forms_input_text_typography_typography":"custom","optin_forms_input_text_typography_font_family":"Lato","optin_forms_input_border_border":"solid","optin_forms_input_border_width":{"unit":"px","top":"1","right":"1","bottom":"1","left":"1","isLinked":true},"optin_forms_input_radius":{"unit":"px","top":"8","right":"8","bottom":"8","left":"8","isLinked":true},"optin_forms_input_height":{"unit":"px","size":48,"sizes":[]},"button_typography_typography":"custom","button_typography_font_family":"Lato","button_typography_font_weight":"600","button_typography_text_transform":"uppercase","button_typography_letter_spacing":{"unit":"px","size":1,"sizes":[]},"button_text_color":"#ffffff","background_color":"#379301","hover_color":"#379301","button_background_hover_color":"#ffffff","button_hover_border_color":"#379301","button_border_width":{"unit":"px","top":"1","right":"1","bottom":"1","left":"1","isLinked":true},"button_border_color":"#379301","button_border_radius":{"unit":"px","top":"8","right":"8","bottom":"8","left":"8","isLinked":true},"buton_box_height":{"unit":"px","size":48,"sizes":[]},"button_padding":{"unit":"px","top":"0","right":"25","bottom":"0","left":"25","isLinked":false},"button_hover_animation":"pulse","optin_forms_input_border_color":"#379301","show_button_icon":"","button_icon_position":"right","title_typography_font_weight":"700","button_border_border":"solid"},"elements":[],"isInner":false,"widgetType":"ansh_optin_forms_widget","elType":"widget"}],"isInner":false,"elType":"column"},{"id":"62efc8c6","settings":{"_column_size":50,"space_between_widgets":10,"_inline_size":null,"_inline_size_tablet":40},"elements":[],"isInner":false,"elType":"column"}],"isInner":false,"elType":"section"}]}