{"version":"0.4","title":"Ansh Optin Form 05","type":"section","content":[{"id":"32887e45","settings":{"stretch_section":"section-stretched","content_width":{"unit":"px","size":1000},"gap":"no","content_position":"middle","background_background":"classic","background_color":"#efefef","shape_divider_top_color":"#d6d6d6","heading_color":"#009bef","color_text":"#444444","color_link":"#009bef","color_link_hover":"#444444","text_align":"center","padding":{"unit":"px","top":"100","right":"0","bottom":"100","left":"0","isLinked":false},"padding_tablet":{"unit":"px","top":"30","right":"10","bottom":"30","left":"10","isLinked":false},"padding_mobile":{"unit":"px","top":"20","right":"10","bottom":"20","left":"10","isLinked":false},"background_color_b":"#0e5181","background_gradient_angle":{"unit":"deg","size":190,"sizes":[]},"background_overlay_opacity":{"unit":"px","size":0.299999999999999988897769753748434595763683319091796875,"sizes":[]},"css_filters_blur":{"unit":"px","size":5,"sizes":[]},"background_overlay_background":"classic","background_overlay_image":{"url":"http:\/\/anshelements.com\/wp-content\/uploads\/2019\/04\/bg-2.png","id":917},"background_overlay_position":"center center","background_overlay_repeat":"no-repeat","background_overlay_size":"cover","css_filters_css_filter":"custom"},"elements":[{"id":"6622b928","settings":{"_column_size":100,"space_between_widgets":10,"background_background":"classic","background_color":"#ffffff","background_color_b":"#1d1b1e","background_gradient_angle":{"unit":"deg","size":160,"sizes":[]},"background_overlay_bg_width":{"unit":"px","size":100,"sizes":[]},"background_overlay_opacity":{"unit":"px","size":1,"sizes":[]},"css_filters_css_filter":"custom","border_width":{"unit":"px","top":"5","right":"0","bottom":"0","left":"0","isLinked":false},"border_color":"#000000","box_shadow_box_shadow_type":"yes","box_shadow_box_shadow":{"horizontal":0,"vertical":15,"blur":25,"spread":-10,"color":"rgba(0,0,0,0.72)"},"padding":{"unit":"px","top":"0","right":"0","bottom":"0","left":"0","isLinked":true},"background_overlay_background":"classic","background_overlay_image":{"url":"http:\/\/anshelements.com\/wp-content\/uploads\/2019\/04\/bg-1.png","id":916},"background_overlay_position":"top center","background_overlay_repeat":"repeat-x","background_overlay_size":"initial","margin":{"unit":"px","top":"0","right":"0","bottom":"0","left":"0","isLinked":true}},"elements":[{"id":"85ea25d","settings":{"content_position":"middle"},"elements":[{"id":"37a80c8c","settings":{"_column_size":100,"_inline_size":null,"padding":{"unit":"px","top":"50","right":"50","bottom":"50","left":"50","isLinked":true}},"elements":[{"id":"755f1c5d","settings":{"image":{"url":"http:\/\/anshelements.com\/wp-content\/uploads\/2019\/04\/bg-2.png","id":917},"image_size":"thumbnail_medium","_margin":{"unit":"px","top":"0","right":"0","bottom":"30","left":"0","isLinked":false}},"elements":[],"isInner":false,"widgetType":"image","elType":"widget"},{"id":"40ba169b","settings":{"title":"Get new ideas...!","sub-title":"Subscribe our newsletter and get new ideas in your inbox.","text_alignment":"","newslatter_provider":"mailchimp","mailchimp_list_id":"8b6fccc9dd","email_text":"Your email","first_name_text":"First name","last_name_text":"Last name","button_text":"SUBSCRIBE","button_icon":"fa fa-envelope-open","button_icon_spacing":{"unit":"px","size":6,"sizes":[]},"button_alignment":"center","title_color":"#db1c3e","title_typography_typography":"custom","title_typography_font_family":"Rock Salt","title_typography_font_size":{"unit":"px","size":32,"sizes":[]},"title_typography_line_height":{"unit":"em","size":1.3000000000000000444089209850062616169452667236328125,"sizes":[]},"title_typography_letter_spacing":{"unit":"px","size":2,"sizes":[]},"sub_title_color":"#707070","sub_title_typography_typography":"custom","sub_title_typography_font_family":"Roboto","sub_title_typography_font_size":{"unit":"px","size":22,"sizes":[]},"sub_title_typography_font_weight":"400","sub_title_typography_line_height":{"unit":"em","size":2,"sizes":[]},"optin_form_margin":{"unit":"px","top":"30","right":"0","bottom":"0","left":"0","isLinked":false},"optin_forms_input_text_Color":"#b7b4b4","optin_forms_input_backgroud_color":"#ededed","optin_forms_input_text_typography_typography":"custom","optin_forms_input_text_typography_font_family":"Roboto Condensed","optin_forms_input_text_typography_font_size":{"unit":"px","size":16,"sizes":[]},"optin_forms_input_border_border":"solid","optin_forms_input_border_width":{"unit":"px","top":"0","right":"0","bottom":"0","left":"0","isLinked":true},"optin_forms_input_radius":{"unit":"px","top":"0","right":"0","bottom":"0","left":"0","isLinked":true},"optin_forms_input_height":{"unit":"px","size":48,"sizes":[]},"button_typography_typography":"custom","button_typography_font_family":"Roboto Condensed","button_typography_font_size":{"unit":"px","size":16,"sizes":[]},"button_typography_font_weight":"600","button_typography_text_transform":"uppercase","button_typography_letter_spacing":{"unit":"px","size":1,"sizes":[]},"button_text_color":"#ffffff","background_color":"#db1c3e","hover_color":"#db1c3e","button_background_hover_color":"#ede8e8","button_hover_border_color":"#a87d53","button_border_width":{"unit":"px","top":"1","right":"1","bottom":"1","left":"1","isLinked":true},"button_border_color":"#1b8adb","button_border_radius":{"unit":"px","top":"0","right":"0","bottom":"0","left":"0","isLinked":true},"buton_box_height":{"unit":"px","size":48,"sizes":[]},"button_padding":{"unit":"px","top":"0","right":"20","bottom":"0","left":"20","isLinked":false},"optin_forms_layout":"ansh-optin-form-inline","input_text_alignment":"center","title_typography_text_transform":"uppercase","button_hover_animation":"float"},"elements":[],"isInner":false,"widgetType":"ansh_optin_forms_widget","elType":"widget"}],"isInner":true,"elType":"column"}],"isInner":true,"elType":"section"}],"isInner":false,"elType":"column"}],"isInner":false,"elType":"section"}]}