{"version":"0.4","title":"Ansh Optin Form 25","type":"section","content":[{"id":"4b999050","settings":{"stretch_section":"section-stretched","content_width":{"unit":"px","size":500},"gap":"no","content_position":"middle","background_background":"classic","background_color":"#f2f2f2","shape_divider_top_color":"#d6d6d6","heading_color":"#009bef","color_text":"#444444","color_link":"#009bef","color_link_hover":"#444444","text_align":"center","padding":{"unit":"px","top":"60","right":"0","bottom":"60","left":"0","isLinked":false},"padding_tablet":{"unit":"px","top":"80","right":"30","bottom":"80","left":"30","isLinked":false},"padding_mobile":{"unit":"px","top":"60","right":"20","bottom":"60","left":"20","isLinked":false},"background_position":"center center","background_repeat":"no-repeat","background_size":"cover","background_color_b":"#4b4646","shape_divider_bottom_color":"rgba(0,0,0,0.04)","shape_divider_bottom_height":{"unit":"px","size":390,"sizes":[]},"shape_divider_bottom_flip":"yes"},"elements":[{"id":"434edfda","settings":{"_column_size":100,"_inline_size":null,"heading_color":"#333333","color_text":"#666666","background_background":"classic","background_color":"#fef200","box_shadow_box_shadow":{"horizontal":0,"vertical":8,"blur":16,"spread":-4,"color":"rgba(0,0,0,0.4)"},"_inline_size_tablet":100,"space_between_widgets":0,"padding_tablet":{"unit":"px","top":"0","right":"0","bottom":"0","left":"0","isLinked":true},"padding_mobile":{"unit":"px","top":"0","right":"0","bottom":"0","left":"0","isLinked":true},"content_position":"center","align":"center","border_radius":{"unit":"%","top":"50","right":"50","bottom":"50","left":"50","isLinked":true}},"elements":[{"id":"58c436f4","settings":{"title":"OH, HEY!","sub-title":"We're Kate Spade Saturday<br>and we send promotional emails","text_alignment":"center","newslatter_provider":"mailchimp","mailchimp_list_id":"8b6fccc9dd","email_text":"Your email","first_name_text":"Your full name","display_last_name":"","last_name_text":"Enter your last name.","button_text":"Subscribe","button_icon":"fa fa-envelope-o","button_icon_spacing":{"unit":"px","size":6,"sizes":[]},"button_alignment":"center","title_color":"#000000","title_typography_typography":"custom","title_typography_font_size":{"unit":"px","size":60,"sizes":[]},"title_typography_line_height":{"unit":"em","size":2,"sizes":[]},"sub_title_color":"#000000","sub_title_typography_typography":"custom","sub_title_typography_font_size":{"unit":"px","size":20,"sizes":[]},"optin_form_margin":{"unit":"px","top":"40","right":"0","bottom":"0","left":"0","isLinked":false},"optin_forms_input_text_Color":"#707070","optin_forms_input_backgroud_color":"#ffffff","optin_forms_input_text_typography_typography":"custom","optin_forms_input_border_border":"solid","optin_forms_input_border_width":{"unit":"px","top":"0","right":"0","bottom":"0","left":"0","isLinked":true},"optin_forms_input_radius":{"unit":"px","top":"25","right":"25","bottom":"25","left":"25","isLinked":true},"optin_forms_input_height":{"unit":"px","size":48,"sizes":[]},"button_typography_typography":"custom","button_typography_font_weight":"600","button_typography_text_transform":"uppercase","button_typography_letter_spacing":{"unit":"px","size":1,"sizes":[]},"button_text_color":"#ffffff","background_color":"#000000","hover_color":"#000000","button_background_hover_color":"#ffffff","button_hover_border_color":"#000000","button_border_width":{"unit":"px","top":"2","right":"2","bottom":"2","left":"2","isLinked":true},"button_border_color":"#000000","button_border_radius":{"unit":"px","top":"25","right":"25","bottom":"25","left":"25","isLinked":true},"buton_box_height":{"unit":"px","size":48,"sizes":[]},"button_padding":{"unit":"px","top":"0","right":"20","bottom":"0","left":"20","isLinked":false},"optin_forms_input_border_color":"#b7b4b4","title_typography_font_weight":"900","description":"Sign up below to subscribe<br>\n(and get <b>15% off<\/b> on your next order!)","sub_title_typography_line_height":{"unit":"em","size":1.399999999999999911182158029987476766109466552734375,"sizes":[]},"description_color":"#000000","description_typography_typography":"custom","description_typography_font_size":{"unit":"px","size":20,"sizes":[]},"description_typography_line_height":{"unit":"em","size":1.399999999999999911182158029987476766109466552734375,"sizes":[]},"optin_forms_input_text_typography_font_weight":"400","_border_width":{"unit":"px","top":"4","right":"4","bottom":"4","left":"4","isLinked":true},"_border_color":"#000000","title_typography_font_size_mobile":{"unit":"px","size":24,"sizes":[]},"sub_title_typography_font_size_mobile":{"unit":"px","size":14,"sizes":[]},"description_typography_font_size_mobile":{"unit":"px","size":16,"sizes":[]},"optin_form_margin_mobile":{"unit":"px","top":"0","right":"0","bottom":"0","left":"0","isLinked":true},"optin_forms_layout":"ansh-optin-form-inline-inside-button","sub_title_tag":"p","display_first_name":"","show_button_icon":"","title_typography_line_height_mobile":{"unit":"em","size":1,"sizes":[]},"sub_title_typography_line_height_mobile":{"unit":"em","size":1.1999999999999999555910790149937383830547332763671875,"sizes":[]},"business_item_shadow_box_shadow_type":"yes","business_item_shadow_box_shadow":{"horizontal":0,"vertical":8,"blur":10,"spread":-5,"color":"rgba(0,0,0,0.5)"},"optin_forms_input_height_mobile":{"unit":"px","size":40,"sizes":[]},"buton_box_height_mobile":{"unit":"px","size":40,"sizes":[]},"_padding":{"unit":"px","top":"50","right":"70","bottom":"120","left":"70","isLinked":false},"_padding_tablet":{"unit":"px","top":"50","right":"50","bottom":"50","left":"50","isLinked":false},"_padding_mobile":{"unit":"px","top":"40","right":"30","bottom":"40","left":"30","isLinked":false}},"elements":[],"isInner":false,"widgetType":"ansh_optin_forms_widget","elType":"widget"}],"isInner":false,"elType":"column"}],"isInner":false,"elType":"section"}]}