{"version":"0.4","title":"Ansh Optin Form 27","type":"section","content":[{"id":"707d573e","settings":{"stretch_section":"section-stretched","content_width":{"unit":"px","size":600},"gap":"no","content_position":"middle","background_background":"classic","background_color":"#f2f2f2","shape_divider_top_color":"#d6d6d6","heading_color":"#009bef","color_text":"#444444","color_link":"#009bef","color_link_hover":"#444444","text_align":"center","padding":{"unit":"px","top":"60","right":"0","bottom":"60","left":"0","isLinked":false},"padding_tablet":{"unit":"px","top":"80","right":"30","bottom":"80","left":"30","isLinked":false},"padding_mobile":{"unit":"px","top":"60","right":"20","bottom":"60","left":"20","isLinked":false},"background_position":"center center","background_repeat":"no-repeat","background_size":"cover","background_color_b":"#4b4646","shape_divider_bottom_color":"rgba(0,0,0,0.04)","shape_divider_bottom_height":{"unit":"px","size":390,"sizes":[]},"shape_divider_bottom_flip":"yes"},"elements":[{"id":"3fb0f64","settings":{"_column_size":100,"_inline_size":null,"heading_color":"#333333","color_text":"#666666","background_background":"classic","box_shadow_box_shadow":{"horizontal":0,"vertical":8,"blur":16,"spread":-4,"color":"rgba(0,0,0,0.4)"},"_inline_size_tablet":100,"space_between_widgets":0,"padding_tablet":{"unit":"px","top":"0","right":"0","bottom":"0","left":"0","isLinked":true},"padding_mobile":{"unit":"px","top":"0","right":"0","bottom":"0","left":"0","isLinked":true},"content_position":"center","align":"center","border_radius":{"unit":"%","top":"","right":"","bottom":"","left":"","isLinked":true}},"elements":[{"id":"74265a7f","settings":{"image":{"url":"https:\/\/anshelements.com\/wp-content\/uploads\/2019\/05\/newsletter-bg-1-1.png","id":1109},"image_size":"full"},"elements":[],"isInner":false,"widgetType":"image","elType":"widget"},{"id":"7e169450","settings":{"title":"SIGN UP FOR NEWSLETTER","sub-title":"","text_alignment":"center","newslatter_provider":"mailchimp","mailchimp_list_id":"8b6fccc9dd","email_text":"Your email","first_name_text":"Your full name","display_last_name":"","last_name_text":"Enter your last name.","button_text":"Subscribe","button_icon":"fa fa-envelope-o","button_icon_spacing":{"unit":"px","size":6,"sizes":[]},"button_alignment":"center","title_color":"#4b4646","title_typography_typography":"custom","title_typography_font_family":"Roboto","title_typography_font_size":{"unit":"px","size":28,"sizes":[]},"title_typography_line_height":{"unit":"em","size":1,"sizes":[]},"sub_title_color":"#000000","sub_title_typography_typography":"custom","sub_title_typography_font_size":{"unit":"px","size":20,"sizes":[]},"optin_form_margin":{"unit":"px","top":"20","right":"0","bottom":"0","left":"0","isLinked":false},"optin_forms_input_text_Color":"#4b4646","optin_forms_input_backgroud_color":"#ffffff","optin_forms_input_text_typography_typography":"custom","optin_forms_input_border_border":"solid","optin_forms_input_border_width":{"unit":"px","top":"0","right":"0","bottom":"1","left":"0","isLinked":false},"optin_forms_input_radius":{"unit":"px","top":"0","right":"0","bottom":"0","left":"0","isLinked":true},"optin_forms_input_height":{"unit":"px","size":44,"sizes":[]},"button_typography_typography":"custom","button_typography_font_weight":"600","button_typography_text_transform":"uppercase","button_typography_letter_spacing":{"unit":"px","size":1,"sizes":[]},"button_text_color":"#ffffff","background_color":"#ed1b24","hover_color":"#6c8e2c","button_background_hover_color":"#ffffff","button_hover_border_color":"#000000","button_border_width":{"unit":"px","top":"2","right":"2","bottom":"2","left":"2","isLinked":true},"button_border_color":"#000000","button_border_radius":{"unit":"px","top":"0","right":"0","bottom":"0","left":"0","isLinked":true},"buton_box_height":{"unit":"px","size":44,"sizes":[]},"button_padding":{"unit":"px","top":"0","right":"40","bottom":"0","left":"40","isLinked":false},"optin_forms_input_border_color":"#b7b4b4","title_typography_font_weight":"600","sub_title_typography_line_height":{"unit":"em","size":1.399999999999999911182158029987476766109466552734375,"sizes":[]},"description_color":"#000000","description_typography_typography":"custom","description_typography_font_size":{"unit":"px","size":20,"sizes":[]},"description_typography_line_height":{"unit":"em","size":1.399999999999999911182158029987476766109466552734375,"sizes":[]},"optin_forms_input_text_typography_font_weight":"400","_border_width":{"unit":"px","top":"4","right":"4","bottom":"4","left":"4","isLinked":true},"_border_color":"#000000","title_typography_font_size_mobile":{"unit":"px","size":15,"sizes":[]},"sub_title_typography_font_size_mobile":{"unit":"px","size":24,"sizes":[]},"description_typography_font_size_mobile":{"unit":"px","size":16,"sizes":[]},"optin_form_margin_mobile":{"unit":"px","top":"0","right":"0","bottom":"0","left":"0","isLinked":true},"sub_title_tag":"p","show_button_icon":"","title_typography_line_height_mobile":{"unit":"em","size":1,"sizes":[]},"optin_forms_input_text_typography_font_family":"Roboto","business_item_shadow_box_shadow":{"horizontal":0,"vertical":8,"blur":10,"spread":-5,"color":"rgba(0,0,0,0.5)"},"optin_forms_input_height_mobile":{"unit":"px","size":32,"sizes":[]},"optin_forms_input_margin_mobile":{"unit":"px","top":"5","right":"0","bottom":"0","left":"0","isLinked":false},"button_typography_font_family":"Roboto","buton_box_height_mobile":{"unit":"px","size":32,"sizes":[]},"button_padding_mobile":{"unit":"px","top":"0","right":"10","bottom":"0","left":"10","isLinked":false},"_padding":{"unit":"px","top":"0","right":"100","bottom":"0","left":"100","isLinked":false},"_padding_mobile":{"unit":"px","top":"10","right":"30","bottom":"10","left":"30","isLinked":false},"_element_custom_width":{"unit":"px","size":500,"sizes":[]},"_position":"absolute","_offset_x":{"size":0,"unit":"px"},"_offset_y":{"size":110,"unit":"px"},"_offset_y_mobile":{"unit":"px","size":60,"sizes":[]}},"elements":[],"isInner":false,"widgetType":"ansh_optin_forms_widget","elType":"widget"}],"isInner":false,"elType":"column"}],"isInner":false,"elType":"section"}]}