{"version":"0.4","title":"Ansh Optin Form 29","type":"section","content":[{"id":"9e20249","settings":{"stretch_section":"section-stretched","content_width":{"unit":"px","size":480},"gap":"no","content_position":"middle","background_background":"classic","shape_divider_top_color":"#d6d6d6","heading_color":"#009bef","color_text":"#444444","color_link":"#009bef","color_link_hover":"#444444","text_align":"center","padding":{"unit":"px","top":"100","right":"0","bottom":"100","left":"0","isLinked":false},"padding_tablet":{"unit":"px","top":"80","right":"30","bottom":"80","left":"30","isLinked":false},"padding_mobile":{"unit":"px","top":"60","right":"20","bottom":"60","left":"20","isLinked":false},"background_position":"center center","background_attachment":"fixed","background_repeat":"no-repeat","background_size":"cover","background_color_b":"#4b4646","shape_divider_bottom":"tilt","shape_divider_bottom_color":"rgba(255,255,255,0.09)","shape_divider_bottom_height":{"unit":"px","size":390,"sizes":[]},"shape_divider_bottom_flip":"yes"},"elements":[{"id":"7c01bb","settings":{"_column_size":100,"_inline_size":null,"heading_color":"#333333","color_text":"#666666","background_background":"gradient","background_color":"#007aed","box_shadow_box_shadow_type":"yes","box_shadow_box_shadow":{"horizontal":0,"vertical":8,"blur":16,"spread":-4,"color":"rgba(0,0,0,0.4)"},"padding":{"unit":"px","top":"40","right":"40","bottom":"40","left":"40","isLinked":true},"_inline_size_tablet":100,"space_between_widgets":0,"padding_tablet":{"unit":"px","top":"25","right":"25","bottom":"25","left":"25","isLinked":true},"padding_mobile":{"unit":"px","top":"20","right":"20","bottom":"20","left":"20","isLinked":true},"background_color_b":"#190054","background_gradient_angle":{"unit":"deg","size":160,"sizes":[]},"border_radius":{"unit":"px","top":"40","right":"40","bottom":"40","left":"40","isLinked":true}},"elements":[{"id":"2b6e1db0","settings":{"title":"FREE","sub-title":"MAGAZINE","text_alignment":"center","newslatter_provider":"mailchimp","mailchimp_list_id":"8b6fccc9dd","email_text":"Your email","first_name_text":"Your full name","display_last_name":"","last_name_text":"Enter your last name.","button_text":"Subscribe","button_icon":"","button_icon_spacing":{"unit":"px","size":10,"sizes":[]},"button_alignment":"center","title_color":"#ffffff","title_typography_typography":"custom","title_typography_font_family":"Permanent Marker","title_typography_font_size":{"unit":"px","size":90,"sizes":[]},"title_typography_line_height":{"unit":"em","size":0.90000000000000002220446049250313080847263336181640625,"sizes":[]},"sub_title_color":"#ff59d8","sub_title_typography_typography":"custom","sub_title_typography_font_size":{"unit":"px","size":68,"sizes":[]},"sub_title_typography_font_weight":"900","optin_form_margin":{"unit":"px","top":"30","right":"0","bottom":"0","left":"0","isLinked":false},"optin_forms_input_text_Color":"#707070","optin_forms_input_backgroud_color":"#ffffff","optin_forms_input_text_typography_typography":"custom","optin_forms_input_border_width":{"unit":"px","top":"0","right":"0","bottom":"0","left":"0","isLinked":true},"optin_forms_input_radius":{"unit":"px","top":"8","right":"8","bottom":"8","left":"8","isLinked":true},"optin_forms_input_height":{"unit":"px","size":48,"sizes":[]},"button_typography_typography":"custom","button_typography_font_weight":"600","button_typography_text_transform":"uppercase","button_typography_letter_spacing":{"unit":"px","size":1,"sizes":[]},"button_text_color":"#4b4646","background_color":"#ffbf11","button_background_hover_color":"#ffffff","button_hover_border_color":"#379301","button_border_width":{"unit":"px","top":"0","right":"0","bottom":"0","left":"0","isLinked":true},"button_border_radius":{"unit":"px","top":"8","right":"8","bottom":"8","left":"8","isLinked":true},"buton_box_height":{"unit":"px","size":48,"sizes":[]},"button_padding":{"unit":"px","top":"0","right":"20","bottom":"0","left":"20","isLinked":false},"button_hover_animation":"pulse","show_button_icon":"","button_icon_position":"right","title_typography_font_weight":"700","optin_forms_layout":"ansh-optin-form-inline-inside-button","description":"Subscribe our newsletter & get our digital magazine free for 3 months*","display_first_name":"","sub_title_typography_line_height":{"unit":"em","size":1,"sizes":[]},"description_color":"#ffffff","description_typography_typography":"custom","description_typography_font_size":{"unit":"px","size":20,"sizes":[]},"title_typography_font_size_mobile":{"unit":"px","size":32,"sizes":[]},"sub_title_typography_font_size_mobile":{"unit":"px","size":40,"sizes":[]},"description_typography_font_size_mobile":{"unit":"px","size":16,"sizes":[]},"description_typography_line_height_mobile":{"unit":"em","size":1.399999999999999911182158029987476766109466552734375,"sizes":[]},"optin_form_margin_mobile":{"unit":"px","top":"0","right":"0","bottom":"0","left":"0","isLinked":true},"optin_forms_input_height_mobile":{"unit":"px","size":40,"sizes":[]},"buton_box_height_mobile":{"unit":"px","size":40,"sizes":[]},"title_typography_letter_spacing":{"unit":"px","size":3,"sizes":[]}},"elements":[],"isInner":false,"widgetType":"ansh_optin_forms_widget","elType":"widget"}],"isInner":false,"elType":"column"}],"isInner":false,"elType":"section"}]}