{"version":"0.4","title":"Ansh Optin Form 15","type":"section","content":[{"id":"4ee4e373","settings":{"stretch_section":"section-stretched","content_width":{"unit":"px","size":500},"gap":"no","content_position":"middle","background_background":"classic","background_color":"#f4f4f4","shape_divider_top_color":"#d6d6d6","heading_color":"#009bef","color_text":"#444444","color_link":"#009bef","color_link_hover":"#444444","text_align":"center","padding":{"unit":"px","top":"100","right":"0","bottom":"100","left":"0","isLinked":false},"padding_tablet":{"unit":"px","top":"40","right":"40","bottom":"40","left":"40","isLinked":true},"padding_mobile":{"unit":"px","top":"20","right":"20","bottom":"20","left":"20","isLinked":true},"background_image":{"url":"http:\/\/anshelements.com\/wp-content\/uploads\/2019\/02\/nikita-vantorin-417627-unsplash.jpg","id":707},"background_position":"center center","background_attachment":"fixed","background_repeat":"no-repeat","background_size":"cover","background_overlay_background":"classic","background_overlay_color":"#3f007a","background_overlay_opacity":{"unit":"px","size":0.75,"sizes":[]},"overlay_blend_mode":"screen"},"elements":[{"id":"3b314e64","settings":{"_column_size":100,"_inline_size":null,"heading_color":"#333333","color_text":"#666666","background_background":"classic","background_color":"#ffffff","box_shadow_box_shadow_type":"yes","box_shadow_box_shadow":{"horizontal":0,"vertical":10,"blur":20,"spread":-5,"color":"rgba(0,0,0,0.58)"},"_inline_size_tablet":60,"space_between_widgets":0,"padding_tablet":{"unit":"px","top":"25","right":"25","bottom":"25","left":"25","isLinked":true},"padding_mobile":{"unit":"px","top":"20","right":"20","bottom":"20","left":"20","isLinked":true}},"elements":[{"id":"67befc8f","settings":{"title":"Want more help<br>to growing your blog ?","title_color":"#3f007a","typography_typography":"custom","typography_font_family":"Playfair Display","typography_font_size":{"unit":"px","size":32,"sizes":[]},"typography_line_height":{"unit":"em","size":1.3000000000000000444089209850062616169452667236328125,"sizes":[]},"_padding":{"unit":"px","top":"30","right":"30","bottom":"30","left":"30","isLinked":true},"_background_background":"classic","_background_color":"#b6ff51"},"elements":[],"isInner":false,"widgetType":"heading","elType":"widget"},{"id":"54c10886","settings":{"title":"Sign-up for my exclusive Monday emails where I share my best advice for growing your blog, building your business and creating a successful online presence !","title_color":"#ffffff","typography_typography":"custom","typography_font_family":"Playfair Display","typography_font_size":{"unit":"px","size":20,"sizes":[]},"typography_font_weight":"300","typography_line_height":{"unit":"em","size":1.399999999999999911182158029987476766109466552734375,"sizes":[]},"_padding":{"unit":"px","top":"20","right":"20","bottom":"20","left":"20","isLinked":true},"_background_background":"classic","_background_color":"#3f007a"},"elements":[],"isInner":false,"widgetType":"heading","elType":"widget"},{"id":"2d3ed3ee","settings":{"title":"","sub-title":"","text_alignment":"center","newslatter_provider":"mailchimp","mailchimp_list_id":"8b6fccc9dd","email_text":"Your email","first_name_text":"Your full name","display_last_name":"","last_name_text":"Enter your last name.","button_text":"Subscribe Now","button_icon":"","button_icon_spacing":{"unit":"px","size":10,"sizes":[]},"button_alignment":"center","title_color":"#3f007a","title_typography_typography":"custom","title_typography_font_family":"Lato","title_typography_font_size":{"unit":"px","size":44,"sizes":[]},"title_typography_line_height":{"unit":"em","size":1,"sizes":[]},"sub_title_color":"#707070","sub_title_typography_typography":"custom","sub_title_typography_font_family":"Lato","sub_title_typography_font_size":{"unit":"px","size":18,"sizes":[]},"sub_title_typography_font_weight":"400","optin_forms_input_text_Color":"#707070","optin_forms_input_backgroud_color":"rgba(255,255,255,0.29)","optin_forms_input_text_typography_typography":"custom","optin_forms_input_text_typography_font_family":"Lato","optin_forms_input_border_border":"solid","optin_forms_input_border_width":{"unit":"px","top":"1","right":"1","bottom":"1","left":"1","isLinked":true},"optin_forms_input_radius":{"unit":"px","top":"4","right":"4","bottom":"4","left":"4","isLinked":true},"optin_forms_input_height":{"unit":"px","size":48,"sizes":[]},"button_typography_typography":"custom","button_typography_font_family":"Lato","button_typography_font_weight":"600","button_typography_text_transform":"uppercase","button_typography_letter_spacing":{"unit":"px","size":1,"sizes":[]},"button_text_color":"#b6ff51","background_color":"#3f007a","hover_color":"#3f007a","button_background_hover_color":"#b6ff51","button_hover_border_color":"#3f007a","button_border_width":{"unit":"px","top":"1","right":"1","bottom":"1","left":"1","isLinked":true},"button_border_color":"#3f007a","button_border_radius":{"unit":"px","top":"4","right":"4","bottom":"4","left":"4","isLinked":true},"buton_box_height":{"unit":"px","size":48,"sizes":[]},"button_padding":{"unit":"px","top":"0","right":"25","bottom":"0","left":"25","isLinked":false},"button_hover_animation":"pop","optin_forms_input_border_color":"#3f007a","show_button_icon":"","button_icon_position":"right","title_typography_font_weight":"700","button_border_border":"solid","optin_form_background_background":"classic","optin_form_background_color":"#b6ff51","optin_form_padding":{"unit":"px","top":"40","right":"40","bottom":"40","left":"40","isLinked":true}},"elements":[],"isInner":false,"widgetType":"ansh_optin_forms_widget","elType":"widget"}],"isInner":false,"elType":"column"}],"isInner":false,"elType":"section"}]}