{"version":"0.4","title":"Ansh Optin Form 04","type":"section","content":[{"id":"1b8f234b","settings":{"stretch_section":"section-stretched","content_width":{"unit":"px","size":600},"gap":"no","content_position":"middle","background_background":"gradient","background_color":"#889cb7","shape_divider_top_color":"#d6d6d6","heading_color":"#009bef","color_text":"#444444","color_link":"#009bef","color_link_hover":"#444444","text_align":"center","padding":{"unit":"px","top":"70","right":"0","bottom":"70","left":"0","isLinked":false},"padding_tablet":{"unit":"px","top":"30","right":"10","bottom":"30","left":"10","isLinked":false},"padding_mobile":{"unit":"px","top":"20","right":"10","bottom":"20","left":"10","isLinked":false},"background_color_b":"#303d4e","background_gradient_angle":{"unit":"deg","size":190,"sizes":[]},"shape_divider_bottom":"mountains","shape_divider_bottom_color":"rgba(12,12,12,0.1)"},"elements":[{"id":"77431479","settings":{"_column_size":100,"space_between_widgets":10,"background_background":"classic","background_color":"#f0f0f0","background_color_b":"#1d1b1e","background_gradient_angle":{"unit":"deg","size":160,"sizes":[]},"css_filters_css_filter":"custom","border_width":{"unit":"px","top":"1","right":"1","bottom":"1","left":"1","isLinked":true},"border_color":"#464049","border_radius":{"unit":"px","top":"10","right":"10","bottom":"10","left":"10","isLinked":true},"box_shadow_box_shadow_type":"yes","box_shadow_box_shadow":{"horizontal":0,"vertical":2,"blur":15,"spread":-5,"color":"rgba(255,255,255,0.77)"},"padding":{"unit":"px","top":"10","right":"25","bottom":"15","left":"25","isLinked":false}},"elements":[{"id":"5000b7d8","settings":{"image":{"url":"http:\/\/anshelements.com\/wp-content\/uploads\/2019\/04\/email-2935508_640.png","id":913},"image_size":"thumbnail_150"},"elements":[],"isInner":false,"widgetType":"image","elType":"widget"},{"id":"1ba50ec5","settings":{"title":"Newsletter","sub-title":"Subscribe our newsletter and get updated","text_alignment":"center","newslatter_provider":"mailchimp","mailchimp_list_id":"8b6fccc9dd","email_text":"Your email","first_name_text":"Your full name","display_last_name":"","last_name_text":"Enter your last name.","button_text":"SUBSCRIBE!","button_icon":"fa fa-envelope-o","button_icon_spacing":{"unit":"px","size":10,"sizes":[]},"button_alignment":"center","title_color":"#303d4e","title_typography_typography":"custom","title_typography_font_family":"Montserrat","title_typography_font_size":{"unit":"px","size":24,"sizes":[]},"title_typography_line_height":{"unit":"em","size":1,"sizes":[]},"title_typography_letter_spacing":{"unit":"px","size":2,"sizes":[]},"sub_title_color":"#889cb7","sub_title_typography_typography":"custom","sub_title_typography_font_family":"Montserrat","sub_title_typography_font_size":{"unit":"px","size":18,"sizes":[]},"sub_title_typography_font_weight":"400","sub_title_typography_line_height":{"unit":"em","size":0.59999999999999997779553950749686919152736663818359375,"sizes":[]},"optin_form_margin":{"unit":"px","top":"40","right":"0","bottom":"0","left":"0","isLinked":false},"optin_forms_input_text_Color":"#889cb7","optin_forms_input_backgroud_color":"#ffffff","optin_forms_input_text_typography_typography":"custom","optin_forms_input_text_typography_font_family":"Montserrat","optin_forms_input_border_border":"solid","optin_forms_input_border_width":{"unit":"px","top":"1","right":"1","bottom":"1","left":"1","isLinked":true},"optin_forms_input_radius":{"unit":"px","top":"6","right":"6","bottom":"6","left":"6","isLinked":true},"optin_forms_input_height":{"unit":"px","size":48,"sizes":[]},"button_typography_typography":"custom","button_typography_font_family":"Montserrat","button_typography_font_weight":"800","button_typography_text_transform":"uppercase","button_typography_letter_spacing":{"unit":"px","size":1,"sizes":[]},"button_text_color":"#ffffff","background_color":"#889cb7","hover_color":"#ffffff","button_background_hover_color":"#303d4e","button_hover_border_color":"#a87d53","button_border_width":{"unit":"px","top":"1","right":"1","bottom":"1","left":"1","isLinked":true},"button_border_color":"#1b8adb","button_border_radius":{"unit":"px","top":"6","right":"6","bottom":"6","left":"6","isLinked":true},"buton_box_height":{"unit":"px","size":48,"sizes":[]},"button_padding":{"unit":"px","top":"0","right":"25","bottom":"0","left":"25","isLinked":false},"optin_forms_layout":"ansh-optin-form-inline","display_first_name":"","title_typography_font_weight":"800","title_typography_text_transform":"uppercase","optin_form_padding":{"unit":"px","top":"0","right":"0","bottom":"0","left":"0","isLinked":true},"optin_forms_input_border_color":"rgba(136,156,183,0.41)","optin_forms_input_margin":{"unit":"px","top":"0","right":"0","bottom":"0","left":"0","isLinked":true},"button_margin":{"unit":"px","top":"0","right":"0","bottom":"0","left":"0","isLinked":true}},"elements":[],"isInner":false,"widgetType":"ansh_optin_forms_widget","elType":"widget"}],"isInner":false,"elType":"column"}],"isInner":false,"elType":"section"}]}