{"version":"0.4","title":"Ansh Optin Form 06","type":"section","content":[{"id":"2c54e58e","settings":{"stretch_section":"section-stretched","content_width":{"unit":"px","size":1000},"gap":"no","content_position":"middle","background_background":"gradient","background_color":"#efefef","shape_divider_top_color":"#d6d6d6","heading_color":"#009bef","color_text":"#444444","color_link":"#009bef","color_link_hover":"#444444","text_align":"center","padding":{"unit":"px","top":"100","right":"0","bottom":"100","left":"0","isLinked":false},"padding_tablet":{"unit":"px","top":"30","right":"10","bottom":"30","left":"10","isLinked":false},"padding_mobile":{"unit":"px","top":"20","right":"10","bottom":"20","left":"10","isLinked":false},"background_color_b":"rgba(14,81,129,0.41)","background_gradient_angle":{"unit":"deg","size":170,"sizes":[]},"background_overlay_opacity":{"unit":"px","size":0.299999999999999988897769753748434595763683319091796875,"sizes":[]},"css_filters_blur":{"unit":"px","size":5,"sizes":[]},"background_overlay_background":"gradient","background_overlay_position":"center center","background_overlay_repeat":"no-repeat","background_overlay_size":"cover"},"elements":[{"id":"660db7c4","settings":{"_column_size":100,"space_between_widgets":10,"background_background":"classic","background_color":"#ffffff","background_color_b":"#1d1b1e","background_gradient_angle":{"unit":"deg","size":160,"sizes":[]},"background_overlay_bg_width":{"unit":"px","size":100,"sizes":[]},"background_overlay_opacity":{"unit":"px","size":1,"sizes":[]},"css_filters_css_filter":"custom","border_width":{"unit":"px","top":"5","right":"0","bottom":"0","left":"0","isLinked":false},"border_color":"#000000","box_shadow_box_shadow_type":"yes","box_shadow_box_shadow":{"horizontal":0,"vertical":15,"blur":25,"spread":-10,"color":"rgba(0,0,0,0.72)"},"padding":{"unit":"px","top":"30","right":"30","bottom":"30","left":"0","isLinked":false},"background_overlay_background":"classic","background_overlay_position":"top center","background_overlay_repeat":"repeat-x","background_overlay_size":"initial","margin":{"unit":"px","top":"0","right":"0","bottom":"0","left":"75","isLinked":false},"border_radius":{"unit":"px","top":"12","right":"12","bottom":"12","left":"12","isLinked":true}},"elements":[{"id":"6a3276bb","settings":{"structure":"20"},"elements":[{"id":"1d3df880","settings":{"_column_size":50,"_inline_size":15.8659999999999996589394868351519107818603515625,"padding":{"unit":"px","top":"0","right":"0","bottom":"0","left":"0","isLinked":true}},"elements":[{"id":"69437fbb","settings":{"image":{"url":"http:\/\/anshelements.com\/wp-content\/uploads\/2019\/04\/gift.png","id":918},"image_size":"full","_margin":{"unit":"px","top":"0","right":"0","bottom":"0","left":"-120","isLinked":false}},"elements":[],"isInner":false,"widgetType":"image","elType":"widget"}],"isInner":true,"elType":"column"},{"id":"307a237c","settings":{"_column_size":50,"_inline_size":84.1340000000000003410605131648480892181396484375},"elements":[{"id":"54a6a3eb","settings":{"title":"Free Gift*","sub-title":"Subscribe our newsletter and <BR>get one year premium subscription absolutely FREE","newslatter_provider":"mailchimp","mailchimp_list_id":"8b6fccc9dd","email_text":"Your email","first_name_text":"Your name","last_name_text":"Last name","button_text":"SUBSCRIBE!","button_icon":"","button_icon_spacing":{"unit":"px","size":0,"sizes":[]},"button_alignment":"center","title_color":"#9561c5","title_typography_typography":"custom","title_typography_font_family":"Montserrat","title_typography_font_size":{"unit":"px","size":44,"sizes":[]},"title_typography_line_height":{"unit":"em","size":1.100000000000000088817841970012523233890533447265625,"sizes":[]},"title_typography_letter_spacing":{"unit":"px","size":2,"sizes":[]},"sub_title_color":"#ada9a9","sub_title_typography_typography":"custom","sub_title_typography_font_family":"Montserrat","sub_title_typography_font_size":{"unit":"px","size":22,"sizes":[]},"sub_title_typography_font_weight":"400","sub_title_typography_line_height":{"unit":"em","size":1.1999999999999999555910790149937383830547332763671875,"sizes":[]},"optin_form_margin":{"unit":"px","top":"30","right":"0","bottom":"0","left":"0","isLinked":false},"optin_forms_input_text_Color":"#b7b4b4","optin_forms_input_backgroud_color":"#ffffff","optin_forms_input_text_typography_typography":"custom","optin_forms_input_text_typography_font_family":"Montserrat","optin_forms_input_text_typography_font_size":{"unit":"px","size":16,"sizes":[]},"optin_forms_input_border_border":"solid","optin_forms_input_border_width":{"unit":"px","top":"1","right":"1","bottom":"1","left":"1","isLinked":true},"optin_forms_input_radius":{"unit":"px","top":"6","right":"6","bottom":"6","left":"6","isLinked":true},"optin_forms_input_height":{"unit":"px","size":48,"sizes":[]},"button_typography_typography":"custom","button_typography_font_family":"Montserrat","button_typography_font_size":{"unit":"px","size":16,"sizes":[]},"button_typography_font_weight":"400","button_typography_text_transform":"uppercase","button_typography_letter_spacing":{"unit":"px","size":1,"sizes":[]},"button_text_color":"#ffffff","background_color":"#9561c5","hover_color":"#9561c5","button_background_hover_color":"#efeaea","button_hover_border_color":"#a87d53","button_border_width":{"unit":"px","top":"1","right":"1","bottom":"1","left":"1","isLinked":true},"button_border_color":"#1b8adb","button_border_radius":{"unit":"px","top":"6","right":"6","bottom":"6","left":"6","isLinked":true},"buton_box_height":{"unit":"px","size":48,"sizes":[]},"button_padding":{"unit":"px","top":"0","right":"30","bottom":"0","left":"30","isLinked":false},"optin_forms_layout":"ansh-optin-form-inline","input_text_alignment":"center","button_icon_position":"right","title_typography_text_transform":"uppercase","display_last_name":"","title_typography_font_weight":"300","optin_forms_input_text_typography_font_weight":"400","optin_forms_input_border_color":"#9561c5"},"elements":[],"isInner":false,"widgetType":"ansh_optin_forms_widget","elType":"widget"}],"isInner":true,"elType":"column"}],"isInner":true,"elType":"section"}],"isInner":false,"elType":"column"}],"isInner":false,"elType":"section"}]}