{"version":"0.4","title":"Ansh Optin Form 26","type":"section","content":[{"id":"49348b63","settings":{"stretch_section":"section-stretched","content_width":{"unit":"px","size":1000},"gap":"no","content_position":"middle","background_background":"classic","shape_divider_top_color":"#d6d6d6","heading_color":"#009bef","color_text":"#444444","color_link":"#009bef","color_link_hover":"#444444","text_align":"center","padding_tablet":{"unit":"px","top":"80","right":"30","bottom":"80","left":"30","isLinked":false},"padding_mobile":{"unit":"px","top":"60","right":"20","bottom":"60","left":"20","isLinked":false},"background_color_b":"#0e5181","background_gradient_angle":{"unit":"deg","size":190,"sizes":[]},"background_color":"#abd5bf","padding":{"unit":"px","top":"100","right":"0","bottom":"100","left":"0","isLinked":false}},"elements":[{"id":"3a8ed241","settings":{"_column_size":100,"space_between_widgets":10,"background_background":"classic","background_color":"#ffffff","background_color_b":"#1d1b1e","background_gradient_angle":{"unit":"deg","size":160,"sizes":[]},"css_filters_css_filter":"custom","border_width":{"unit":"px","top":"5","right":"0","bottom":"0","left":"0","isLinked":false},"border_color":"#000000","box_shadow_box_shadow":{"horizontal":0,"vertical":20,"blur":30,"spread":-10,"color":"rgba(0,0,0,0.72)"},"padding":{"unit":"px","top":"0","right":"0","bottom":"0","left":"0","isLinked":true}},"elements":[{"id":"61dfceda","settings":{"content_position":"middle","structure":"20","margin":{"unit":"px","top":"0","right":0,"bottom":"0","left":0,"isLinked":true},"box_shadow_box_shadow":{"horizontal":0,"vertical":0,"blur":5,"spread":0,"color":"rgba(0,0,0,0.5)"},"layout":"full_width"},"elements":[{"id":"37e058d0","settings":{"_column_size":50,"_inline_size":null,"padding":{"unit":"px","top":"50","right":"50","bottom":"50","left":"50","isLinked":true},"background_background":"classic","background_color":"#ffffff","padding_mobile":{"unit":"px","top":"20","right":"20","bottom":"20","left":"20","isLinked":true},"background_position":"center center","background_repeat":"no-repeat","background_size":"cover"},"elements":[{"id":"4fecd0d3","settings":{"title":"Subscribe Now","sub-title":"","newslatter_provider":"mailchimp","mailchimp_list_id":"8b6fccc9dd","email_text":"Your Email","first_name_text":"Your Full Name","last_name_text":"Your Last Name","button_text":"Subscribe","button_icon":"fa fa-arrow-right","button_icon_spacing":{"unit":"px","size":6,"sizes":[]},"title_color":"#058142","title_typography_typography":"custom","title_typography_font_family":"Montserrat","title_typography_font_size":{"unit":"px","size":32,"sizes":[]},"sub_title_color":"#707070","sub_title_typography_typography":"custom","sub_title_typography_font_family":"Noto Sans","sub_title_typography_font_size":{"unit":"px","size":22,"sizes":[]},"sub_title_typography_font_weight":"700","optin_form_margin":{"unit":"px","top":"30","right":"0","bottom":"0","left":"0","isLinked":false},"optin_forms_input_text_Color":"#000000","optin_forms_input_backgroud_color":"#f2f2f2","optin_forms_input_text_typography_typography":"custom","optin_forms_input_text_typography_font_family":"Montserrat","optin_forms_input_text_typography_font_size":{"unit":"px","size":15,"sizes":[]},"optin_forms_input_border_border":"solid","optin_forms_input_border_width":{"unit":"px","top":"0","right":"0","bottom":"0","left":"0","isLinked":true},"optin_forms_input_radius":{"unit":"px","top":"25","right":"25","bottom":"25","left":"25","isLinked":true},"optin_forms_input_height":{"unit":"px","size":48,"sizes":[]},"button_typography_typography":"custom","button_typography_font_family":"Montserrat","button_typography_font_size":{"unit":"px","size":16,"sizes":[]},"button_typography_font_weight":"700","button_typography_text_transform":"uppercase","button_typography_letter_spacing":{"unit":"px","size":1,"sizes":[]},"button_text_color":"#ffffff","background_color":"#058142","hover_color":"#058142","button_background_hover_color":"#ffffff","button_hover_border_color":"#058142","button_border_width":{"unit":"px","top":"1","right":"1","bottom":"1","left":"1","isLinked":true},"button_border_color":"#058142","button_border_radius":{"unit":"px","top":"25","right":"25","bottom":"25","left":"25","isLinked":true},"buton_box_height":{"unit":"px","size":48,"sizes":[]},"button_padding":{"unit":"px","top":"0","right":"35","bottom":"0","left":"35","isLinked":false},"button_icon_position":"right","optin_forms_input_border_color":"#166b72","sub_title_typography_text_transform":"uppercase","description_color":"#4b4646","description_typography_typography":"custom","description_typography_font_family":"Noto Sans","description_typography_font_size":{"unit":"px","size":18,"sizes":[]},"button_border_border":"solid","text_alignment_mobile":"center","title_typography_font_size_mobile":{"unit":"px","size":24,"sizes":[]},"description_typography_font_size_mobile":{"unit":"px","size":15,"sizes":[]},"optin_form_margin_mobile":{"unit":"px","top":"0","right":"0","bottom":"0","left":"0","isLinked":true},"title_typography_font_weight":"700","optin_forms_input_text_typography_font_weight":"400","button_margin":{"unit":"px","top":"10","right":"0","bottom":"0","left":"0","isLinked":false},"display_last_name":"","show_button_icon":"","title_typography_font_size_tablet":{"unit":"px","size":24,"sizes":[]},"title_typography_text_transform":"uppercase","optin_form_margin_tablet":{"unit":"px","top":"0","right":"0","bottom":"0","left":"0","isLinked":true},"optin_forms_input_text_typography_font_size_tablet":{"unit":"px","size":14,"sizes":[]},"optin_forms_input_height_tablet":{"unit":"px","size":40,"sizes":[]},"optin_forms_input_margin_tablet":{"unit":"px","top":"10","right":"0","bottom":"0","left":"0","isLinked":false},"button_typography_font_size_tablet":{"unit":"px","size":15,"sizes":[]},"buton_box_height_tablet":{"unit":"px","size":40,"sizes":[]}},"elements":[],"isInner":false,"widgetType":"ansh_optin_forms_widget","elType":"widget"}],"isInner":true,"elType":"column"},{"id":"4433b025","settings":{"_column_size":50,"_inline_size":null,"padding":{"unit":"px","top":"0","right":"0","bottom":"0","left":"0","isLinked":true}},"elements":[{"id":"41a9e0f5","settings":{"image":{"url":"https:\/\/anshelements.com\/wp-content\/uploads\/2019\/05\/newsletter-bg-image-5.jpg","id":1111},"image_size":"full","image_custom_dimension":{"width":"500","height":"500"},"align":"center"},"elements":[],"isInner":false,"widgetType":"image","elType":"widget"}],"isInner":true,"elType":"column"}],"isInner":true,"elType":"section"}],"isInner":false,"elType":"column"}],"isInner":false,"elType":"section"}]}