{"version":"0.4","title":"Ansh Optin Form 23","type":"section","content":[{"id":"56a99b0f","settings":{"stretch_section":"section-stretched","content_width":{"unit":"px","size":1000},"gap":"no","content_position":"middle","background_background":"classic","background_color":"#707070","shape_divider_top_color":"#d6d6d6","heading_color":"#009bef","color_text":"#444444","color_link":"#009bef","color_link_hover":"#444444","text_align":"center","padding":{"unit":"px","top":"100","right":"0","bottom":"100","left":"0","isLinked":false},"padding_tablet":{"unit":"px","top":"80","right":"30","bottom":"80","left":"30","isLinked":false},"padding_mobile":{"unit":"px","top":"60","right":"20","bottom":"60","left":"20","isLinked":false},"background_color_b":"#0e5181","background_gradient_angle":{"unit":"deg","size":190,"sizes":[]},"background_overlay_opacity":{"unit":"px","size":0.299999999999999988897769753748434595763683319091796875,"sizes":[]},"css_filters_blur":{"unit":"px","size":5,"sizes":[]},"background_overlay_background":"classic","background_overlay_position":"center center","background_overlay_repeat":"no-repeat","background_overlay_size":"cover","css_filters_css_filter":"custom"},"elements":[{"id":"2489da7","settings":{"_column_size":100,"space_between_widgets":10,"background_background":"classic","background_color":"#ffffff","background_color_b":"#1d1b1e","background_gradient_angle":{"unit":"deg","size":160,"sizes":[]},"background_overlay_bg_width":{"unit":"px","size":100,"sizes":[]},"background_overlay_opacity":{"unit":"px","size":1,"sizes":[]},"css_filters_css_filter":"custom","border_width":{"unit":"px","top":"5","right":"0","bottom":"0","left":"0","isLinked":false},"border_color":"#000000","box_shadow_box_shadow_type":"yes","box_shadow_box_shadow":{"horizontal":0,"vertical":15,"blur":25,"spread":-10,"color":"rgba(0,0,0,0.72)"},"padding":{"unit":"px","top":"0","right":"0","bottom":"0","left":"0","isLinked":true},"background_overlay_background":"classic","background_overlay_position":"top center","background_overlay_repeat":"repeat-x","background_overlay_size":"initial","margin":{"unit":"px","top":"0","right":"0","bottom":"0","left":"0","isLinked":true}},"elements":[{"id":"18e0583","settings":{"image":{"url":"https:\/\/anshelements.com\/wp-content\/uploads\/2019\/05\/newsletter-bg-image-1-1.jpg","id":1101},"image_size":"full"},"elements":[],"isInner":false,"widgetType":"image","elType":"widget"},{"id":"785ece67","settings":{"content_position":"middle"},"elements":[{"id":"71c0509b","settings":{"_column_size":100,"_inline_size":null,"padding":{"unit":"px","top":"40","right":"40","bottom":"40","left":"40","isLinked":true},"padding_mobile":{"unit":"px","top":"20","right":"20","bottom":"20","left":"20","isLinked":true},"padding_tablet":{"unit":"px","top":"30","right":"30","bottom":"30","left":"30","isLinked":true}},"elements":[{"id":"23cd3060","settings":{"title":"Subscribe to Free Email Updates","sub-title":"Don't miss any of our new recipes !","text_alignment":"","newslatter_provider":"mailchimp","mailchimp_list_id":"8b6fccc9dd","email_text":"Enter your email","first_name_text":"Enter your full name","last_name_text":"Last name","button_text":"SUBSCRIBE","button_icon":"fa fa-envelope-open","button_icon_spacing":{"unit":"px","size":6,"sizes":[]},"button_alignment":"center","title_color":"#fe3f46","title_typography_typography":"custom","title_typography_font_size":{"unit":"px","size":36,"sizes":[]},"title_typography_letter_spacing":{"unit":"px","size":0,"sizes":[]},"sub_title_color":"#000000","sub_title_typography_typography":"custom","sub_title_typography_font_family":"Roboto","sub_title_typography_font_size":{"unit":"px","size":20,"sizes":[]},"sub_title_typography_font_weight":"700","sub_title_typography_line_height":{"unit":"em","size":3,"sizes":[]},"optin_form_margin":{"unit":"px","top":"20","right":"0","bottom":"0","left":"0","isLinked":false},"optin_forms_input_text_Color":"#000000","optin_forms_input_text_typography_typography":"custom","optin_forms_input_text_typography_font_size":{"unit":"px","size":16,"sizes":[]},"optin_forms_input_border_border":"solid","optin_forms_input_border_width":{"unit":"px","top":"1","right":"1","bottom":"1","left":"1","isLinked":true},"optin_forms_input_radius":{"unit":"px","top":"0","right":"0","bottom":"0","left":"0","isLinked":true},"optin_forms_input_height":{"unit":"px","size":48,"sizes":[]},"button_typography_typography":"custom","button_typography_font_size":{"unit":"px","size":16,"sizes":[]},"button_typography_font_weight":"600","button_typography_text_transform":"uppercase","button_typography_letter_spacing":{"unit":"px","size":1,"sizes":[]},"button_text_color":"#ffffff","background_color":"#fe3f46","hover_color":"#fe3f46","button_background_hover_color":"rgba(237,232,232,0)","button_hover_border_color":"#fe3f46","button_border_width":{"unit":"px","top":"1","right":"1","bottom":"1","left":"1","isLinked":true},"button_border_color":"#fe3f46","button_border_radius":{"unit":"px","top":"0","right":"0","bottom":"0","left":"0","isLinked":true},"buton_box_height":{"unit":"px","size":48,"sizes":[]},"button_padding":{"unit":"px","top":"0","right":"20","bottom":"0","left":"20","isLinked":false},"optin_forms_layout":"ansh-optin-form-inline","input_text_alignment":"center","display_last_name":"","show_button_icon":"","optin_forms_input_border_color":"#b7b4b4","button_border_border":"solid","title_typography_font_size_mobile":{"unit":"px","size":24,"sizes":[]},"optin_form_margin_mobile":{"unit":"px","top":"0","right":"0","bottom":"0","left":"0","isLinked":true},"title_typography_font_family":"Playfair Display","sub_title_typography_line_height_mobile":{"unit":"em","size":1.399999999999999911182158029987476766109466552734375,"sizes":[]},"optin_forms_input_height_mobile":{"unit":"px","size":40,"sizes":[]},"buton_box_height_mobile":{"unit":"px","size":40,"sizes":[]}},"elements":[],"isInner":false,"widgetType":"ansh_optin_forms_widget","elType":"widget"}],"isInner":true,"elType":"column"}],"isInner":true,"elType":"section"}],"isInner":false,"elType":"column"}],"isInner":false,"elType":"section"}]}