{"version":"0.4","title":"Ansh Optin Form 03","type":"section","content":[{"id":"6ec350db","settings":{"stretch_section":"section-stretched","content_width":{"unit":"px","size":800},"gap":"no","content_position":"middle","background_background":"classic","background_color":"#f2eb45","shape_divider_top_color":"#d6d6d6","heading_color":"#009bef","color_text":"#444444","color_link":"#009bef","color_link_hover":"#444444","text_align":"center","padding":{"unit":"px","top":"70","right":"0","bottom":"70","left":"0","isLinked":false},"padding_tablet":{"unit":"px","top":"30","right":"10","bottom":"30","left":"10","isLinked":false},"padding_mobile":{"unit":"px","top":"20","right":"10","bottom":"20","left":"10","isLinked":false},"background_color_b":"#0e5181","background_gradient_angle":{"unit":"deg","size":190,"sizes":[]}},"elements":[{"id":"36dece3c","settings":{"_column_size":100,"space_between_widgets":10,"background_background":"classic","background_color":"#ffffff","background_color_b":"#1d1b1e","background_gradient_angle":{"unit":"deg","size":160,"sizes":[]},"css_filters_css_filter":"custom","border_width":{"unit":"px","top":"5","right":"0","bottom":"0","left":"0","isLinked":false},"border_color":"#000000","box_shadow_box_shadow_type":"yes","box_shadow_box_shadow":{"horizontal":0,"vertical":20,"blur":30,"spread":-10,"color":"rgba(0,0,0,0.72)"},"padding":{"unit":"px","top":"0","right":"0","bottom":"0","left":"0","isLinked":true},"border_border":"solid"},"elements":[{"id":"42af2d4b","settings":{"content_position":"middle","structure":"20","margin":{"unit":"px","top":"0","right":0,"bottom":"0","left":0,"isLinked":true}},"elements":[{"id":"2c2553ec","settings":{"_column_size":50,"_inline_size":50,"padding":{"unit":"px","top":"0","right":"0","bottom":"0","left":"0","isLinked":true}},"elements":[{"id":"759aea7e","settings":{"image":{"url":"http:\/\/anshelements.com\/wp-content\/uploads\/2019\/04\/plant-pot.jpg","id":915},"image_size":"custom","image_custom_dimension":{"width":"500","height":"500"},"align":"center"},"elements":[],"isInner":false,"widgetType":"image","elType":"widget"}],"isInner":true,"elType":"column"},{"id":"3405d708","settings":{"_column_size":50,"_inline_size":50,"padding":{"unit":"px","top":"30","right":"30","bottom":"30","left":"30","isLinked":true}},"elements":[{"id":"5458d9bd","settings":{"title":"Join our newsletter","sub-title":"Get weekly access to our best deals,\njust subscribe our newsletter","newslatter_provider":"mailchimp","mailchimp_list_id":"8b6fccc9dd","email_text":"Your email","first_name_text":"Your full name","display_last_name":"","last_name_text":"Enter your last name.","button_text":"SUBSCRIBE!","button_icon":"fa fa-arrow-right","button_icon_spacing":{"unit":"px","size":10,"sizes":[]},"title_color":"#000000","title_typography_typography":"custom","title_typography_font_family":"Roboto Condensed","title_typography_font_size":{"unit":"px","size":36,"sizes":[]},"title_typography_line_height":{"unit":"em","size":1,"sizes":[]},"sub_title_color":"#000000","sub_title_typography_typography":"custom","sub_title_typography_font_family":"Roboto","sub_title_typography_font_size":{"unit":"px","size":18,"sizes":[]},"sub_title_typography_font_weight":"400","optin_form_margin":{"unit":"px","top":"30","right":"0","bottom":"0","left":"0","isLinked":false},"optin_forms_input_text_Color":"#000000","optin_forms_input_backgroud_color":"#ffffff","optin_forms_input_text_typography_typography":"custom","optin_forms_input_text_typography_font_family":"Roboto Condensed","optin_forms_input_text_typography_font_size":{"unit":"px","size":16,"sizes":[]},"optin_forms_input_border_border":"solid","optin_forms_input_border_width":{"unit":"px","top":"1","right":"1","bottom":"1","left":"1","isLinked":true},"optin_forms_input_radius":{"unit":"px","top":"0","right":"0","bottom":"0","left":"0","isLinked":true},"optin_forms_input_height":{"unit":"px","size":48,"sizes":[]},"button_typography_typography":"custom","button_typography_font_family":"Roboto Condensed","button_typography_font_size":{"unit":"px","size":16,"sizes":[]},"button_typography_font_weight":"600","button_typography_text_transform":"uppercase","button_typography_letter_spacing":{"unit":"px","size":1,"sizes":[]},"button_text_color":"#ffffff","background_color":"#000000","hover_color":"#000000","button_background_hover_color":"#f2eb45","button_hover_border_color":"#a87d53","button_border_width":{"unit":"px","top":"1","right":"1","bottom":"1","left":"1","isLinked":true},"button_border_color":"#1b8adb","button_border_radius":{"unit":"px","top":"0","right":"0","bottom":"0","left":"0","isLinked":true},"buton_box_height":{"unit":"px","size":48,"sizes":[]},"button_padding":{"unit":"px","top":"0","right":"25","bottom":"0","left":"25","isLinked":false},"display_first_name":"","button_icon_position":"right","title_typography_text_transform":"uppercase","optin_forms_input_border_color":"#000000","button_hover_animation":"bob"},"elements":[],"isInner":false,"widgetType":"ansh_optin_forms_widget","elType":"widget"}],"isInner":true,"elType":"column"}],"isInner":true,"elType":"section"}],"isInner":false,"elType":"column"}],"isInner":false,"elType":"section"}]}