{"version":"0.4","title":"Ansh Optin Form 07","type":"section","content":[{"id":"1481ee9a","settings":{"stretch_section":"section-stretched","content_width":{"unit":"px","size":800},"gap":"no","content_position":"middle","background_background":"classic","background_color":"#efefef","shape_divider_top_color":"#d6d6d6","heading_color":"#009bef","color_text":"#444444","color_link":"#009bef","color_link_hover":"#444444","text_align":"center","padding":{"unit":"px","top":"100","right":"0","bottom":"100","left":"0","isLinked":false},"padding_tablet":{"unit":"px","top":"30","right":"10","bottom":"30","left":"10","isLinked":false},"padding_mobile":{"unit":"px","top":"20","right":"10","bottom":"20","left":"10","isLinked":false},"background_color_b":"#0e5181","background_gradient_angle":{"unit":"deg","size":190,"sizes":[]},"background_overlay_opacity":{"unit":"px","size":0.36999999999999999555910790149937383830547332763671875,"sizes":[]},"css_filters_blur":{"unit":"px","size":6,"sizes":[]},"background_overlay_background":"classic","background_overlay_image":{"url":"http:\/\/anshelements.com\/wp-content\/uploads\/2019\/04\/ansh-elementor-elements-banner-9.jpg","id":896},"background_overlay_position":"center center","background_overlay_repeat":"no-repeat","background_overlay_size":"cover","css_filters_css_filter":"custom","overflow":"hidden","background_position":"center center","background_repeat":"no-repeat","background_size":"cover"},"elements":[{"id":"4aaf5c53","settings":{"_column_size":100,"space_between_widgets":10,"background_background":"classic","background_color":"#ffffff","background_color_b":"#1d1b1e","background_gradient_angle":{"unit":"deg","size":160,"sizes":[]},"background_overlay_bg_width":{"unit":"px","size":100,"sizes":[]},"background_overlay_opacity":{"unit":"px","size":0.8000000000000000444089209850062616169452667236328125,"sizes":[]},"css_filters_css_filter":"custom","border_width":{"unit":"px","top":"0","right":"0","bottom":"1","left":"0","isLinked":false},"border_color":"rgba(168,168,168,0.93)","box_shadow_box_shadow_type":"yes","box_shadow_box_shadow":{"horizontal":0,"vertical":15,"blur":25,"spread":-10,"color":"rgba(0,0,0,0.81)"},"background_overlay_background":"classic","background_overlay_position":"center center","background_overlay_repeat":"no-repeat","background_overlay_size":"cover","margin":{"unit":"px","top":"0","right":"0","bottom":"0","left":"0","isLinked":true},"background_image":{"url":"http:\/\/anshelements.com\/wp-content\/uploads\/2019\/04\/ansh-elementor-elements-banner-9.jpg","id":896},"background_position":"center center","background_repeat":"no-repeat","background_size":"cover","background_overlay_color":"#348929","border_border":"solid"},"elements":[{"id":"4e9a16f4","settings":{"content_position":"middle"},"elements":[{"id":"24773910","settings":{"_column_size":100,"_inline_size":null,"padding":{"unit":"px","top":"100","right":"100","bottom":"100","left":"100","isLinked":true}},"elements":[{"id":"60923519","settings":{"title":"Best Deals","sub-title":"Subscribe our newsletter and <br>get best deals in your inbox.","text_alignment":"","newslatter_provider":"mailchimp","mailchimp_list_id":"8b6fccc9dd","email_text":"Your email","first_name_text":"First name","last_name_text":"Last name","button_text":"SUBSCRIBE!","button_icon":"","button_icon_spacing":{"unit":"px","size":0,"sizes":[]},"button_alignment":"center","title_color":"#fbff21","title_typography_typography":"custom","title_typography_font_family":"Roboto Slab","title_typography_font_size":{"unit":"px","size":36,"sizes":[]},"title_typography_line_height":{"unit":"em","size":1.3000000000000000444089209850062616169452667236328125,"sizes":[]},"title_typography_letter_spacing":{"unit":"px","size":2,"sizes":[]},"sub_title_color":"#ffffff","sub_title_typography_typography":"custom","sub_title_typography_font_family":"Roboto Slab","sub_title_typography_font_size":{"unit":"px","size":22,"sizes":[]},"sub_title_typography_font_weight":"400","sub_title_typography_line_height":{"unit":"em","size":1.1999999999999999555910790149937383830547332763671875,"sizes":[]},"optin_form_margin":{"unit":"px","top":"30","right":"0","bottom":"0","left":"0","isLinked":false},"optin_forms_input_text_Color":"#ffffff","optin_forms_input_backgroud_color":"rgba(237,237,237,0)","optin_forms_input_text_typography_typography":"custom","optin_forms_input_text_typography_font_family":"Roboto Slab","optin_forms_input_text_typography_font_size":{"unit":"px","size":16,"sizes":[]},"optin_forms_input_border_border":"solid","optin_forms_input_border_width":{"unit":"px","top":"1","right":"1","bottom":"1","left":"1","isLinked":true},"optin_forms_input_radius":{"unit":"px","top":"0","right":"0","bottom":"0","left":"0","isLinked":true},"optin_forms_input_height":{"unit":"px","size":48,"sizes":[]},"button_typography_typography":"custom","button_typography_font_family":"Roboto Slab","button_typography_font_size":{"unit":"px","size":16,"sizes":[]},"button_typography_font_weight":"600","button_typography_text_transform":"uppercase","button_typography_letter_spacing":{"unit":"px","size":1,"sizes":[]},"button_text_color":"#4b4646","background_color":"#fbff21","hover_color":"#db1c3e","button_background_hover_color":"#ede8e8","button_hover_border_color":"#a87d53","button_border_width":{"unit":"px","top":"1","right":"1","bottom":"1","left":"1","isLinked":true},"button_border_color":"#1b8adb","button_border_radius":{"unit":"px","top":"0","right":"0","bottom":"0","left":"0","isLinked":true},"buton_box_height":{"unit":"px","size":48,"sizes":[]},"button_padding":{"unit":"px","top":"0","right":"30","bottom":"0","left":"30","isLinked":false},"optin_forms_layout":"ansh-optin-form-inline","input_text_alignment":"center","button_icon_position":"right","title_typography_text_transform":"uppercase","button_hover_animation":"float","display_first_name":"","display_last_name":"","title_typography_font_weight":"600","optin_forms_input_border_color":"#fbff21"},"elements":[],"isInner":false,"widgetType":"ansh_optin_forms_widget","elType":"widget"}],"isInner":true,"elType":"column"}],"isInner":true,"elType":"section"}],"isInner":false,"elType":"column"}],"isInner":false,"elType":"section"}]}