{"version":"0.4","title":"Ansh Optin Form 30","type":"section","content":[{"id":"d79e4d5","settings":{"stretch_section":"section-stretched","content_width":{"unit":"px","size":600},"gap":"no","content_position":"middle","background_background":"classic","background_color":"#f4f4f4","shape_divider_top_color":"#d6d6d6","heading_color":"#009bef","color_text":"#444444","color_link":"#009bef","color_link_hover":"#444444","text_align":"center","padding":{"unit":"px","top":"100","right":"0","bottom":"100","left":"0","isLinked":false},"padding_tablet":{"unit":"px","top":"80","right":"30","bottom":"80","left":"30","isLinked":false},"padding_mobile":{"unit":"px","top":"60","right":"20","bottom":"60","left":"20","isLinked":false},"background_overlay_opacity":{"unit":"px","size":0.8000000000000000444089209850062616169452667236328125,"sizes":[]},"background_image":{"url":"https:\/\/anshelements.com\/wp-content\/uploads\/2019\/03\/map.jpg","id":819},"background_position":"center center","background_repeat":"no-repeat","background_size":"cover","background_overlay_background":"classic","css_filters_css_filter":"custom","background_motion_fx_translateY_effect":"yes","background_motion_fx_mouseTrack_effect":"yes","background_motion_fx_mouseTrack_speed":{"unit":"px","size":2.399999999999999911182158029987476766109466552734375,"sizes":[]},"background_overlay_color":"#050aaa"},"elements":[{"id":"472aa8e6","settings":{"_column_size":100,"space_between_widgets":10},"elements":[{"id":"27db72c7","settings":{"optin_forms_layout":"ansh-optin-form-inline","title":"newsletter","sub-title":"Subscribe our newsletter and get <br>one year premium subscription absolutely FREE\u200b","text_alignment":"center","newslatter_provider":"mailchimp","mailchimp_list_id":"8b6fccc9dd","email_text":"Your email","first_name_text":"Your name","display_last_name":"","last_name_text":"Last name","button_text":"Subscribe","button_icon":"","title_color":"#ffffff","title_typography_typography":"custom","title_typography_font_family":"Playfair Display","title_typography_font_size":{"unit":"px","size":44,"sizes":[]},"title_typography_line_height":{"unit":"em","size":1.1999999999999999555910790149937383830547332763671875,"sizes":[]},"sub_title_color":"#ffffff","sub_title_typography_typography":"custom","sub_title_typography_font_family":"Playfair Display","sub_title_typography_font_size":{"unit":"px","size":22,"sizes":[]},"sub_title_typography_line_height":{"unit":"em","size":1.1999999999999999555910790149937383830547332763671875,"sizes":[]},"optin_form_margin":{"unit":"px","top":"40","right":"0","bottom":"0","left":"0","isLinked":false},"optin_forms_input_text_Color":"#ffffff","optin_forms_input_backgroud_color":"rgba(255,255,255,0)","optin_forms_input_text_typography_typography":"custom","optin_forms_input_text_typography_font_family":"Playfair Display","optin_forms_input_text_typography_font_size":{"unit":"px","size":17,"sizes":[]},"optin_forms_input_border_border":"solid","optin_forms_input_border_width":{"unit":"px","top":"1","right":"1","bottom":"1","left":"1","isLinked":true},"optin_forms_input_border_color":"#ffffff","optin_forms_input_radius":{"unit":"px","top":"0","right":"0","bottom":"0","left":"0","isLinked":true},"button_typography_typography":"custom","button_typography_font_family":"Playfair Display","button_typography_font_size":{"unit":"px","size":17,"sizes":[]},"button_typography_font_weight":"600","button_text_color":"#ffffff","background_color":"rgba(0,30,142,0)","hover_color":"#ffffff","button_background_hover_color":"#001e8e","button_hover_border_color":"#001e8e","button_border_border":"solid","button_border_width":{"unit":"px","top":"1","right":"1","bottom":"1","left":"1","isLinked":true},"button_border_color":"#ffffff","button_border_radius":{"unit":"px","top":"0","right":"0","bottom":"0","left":"0","isLinked":true},"title_typography_font_size_mobile":{"unit":"px","size":28,"sizes":[]},"sub_title_typography_font_size_mobile":{"unit":"px","size":16,"sizes":[]},"optin_form_margin_mobile":{"unit":"px","top":"0","right":"0","bottom":"0","left":"0","isLinked":true},"optin_forms_input_height_mobile":{"unit":"px","size":40,"sizes":[]},"buton_box_height_mobile":{"unit":"px","size":40,"sizes":[]},"title_typography_text_transform":"uppercase"},"elements":[],"isInner":false,"widgetType":"ansh_optin_forms_widget","elType":"widget"}],"isInner":false,"elType":"column"}],"isInner":false,"elType":"section"}]}