{"version":"0.4","title":"Ansh Optin Form 24","type":"section","content":[{"id":"8bc12d6","settings":{"content_position":"middle","structure":"20","margin":{"unit":"px","top":"0","right":0,"bottom":"0","left":0,"isLinked":true},"box_shadow_box_shadow":{"horizontal":0,"vertical":0,"blur":5,"spread":0,"color":"rgba(0,0,0,0.5)"},"layout":"full_width","padding_tablet":{"unit":"px","top":"0","right":"0","bottom":"0","left":"0","isLinked":false}},"elements":[{"id":"14b7577d","settings":{"_column_size":50,"_inline_size":null,"padding":{"unit":"px","top":"0","right":"0","bottom":"0","left":"0","isLinked":true},"margin_tablet":{"unit":"px","top":"0","right":"0","bottom":"0","left":"0","isLinked":true},"padding_tablet":{"unit":"px","top":"0","right":"0","bottom":"0","left":"0","isLinked":true}},"elements":[{"id":"461f9d00","settings":{"image":{"url":"https:\/\/anshelements.com\/wp-content\/uploads\/2019\/05\/newsletter-bg-image-2.jpg","id":1102},"image_size":"full","image_custom_dimension":{"width":"500","height":"500"},"align":"center"},"elements":[],"isInner":false,"widgetType":"image","elType":"widget"}],"isInner":true,"elType":"column"},{"id":"5ede9bb8","settings":{"_column_size":50,"_inline_size":null,"padding":{"unit":"px","top":"50","right":"50","bottom":"50","left":"50","isLinked":true},"background_background":"classic","background_color":"#ffffff","padding_mobile":{"unit":"px","top":"20","right":"20","bottom":"20","left":"20","isLinked":true},"background_image":{"url":"https:\/\/anshelements.com\/wp-content\/uploads\/2019\/05\/newsletter-bg-image-3.jpg","id":1104},"background_position":"center center","background_repeat":"no-repeat","background_size":"cover","padding_tablet":{"unit":"px","top":"0","right":"20","bottom":"0","left":"20","isLinked":false}},"elements":[{"id":"328ad390","settings":{"title":"Subscribe Now","sub-title":"","newslatter_provider":"mailchimp","mailchimp_list_id":"8b6fccc9dd","email_text":"Your Email","first_name_text":"Your First Name","last_name_text":"Your Last Name","button_text":"Subscribe","button_icon":"fa fa-arrow-right","button_icon_spacing":{"unit":"px","size":6,"sizes":[]},"title_color":"#000000","title_typography_typography":"custom","title_typography_font_family":"Noto Serif","title_typography_font_size":{"unit":"px","size":28,"sizes":[]},"title_typography_line_height":{"unit":"em","size":1.5,"sizes":[]},"sub_title_color":"#707070","sub_title_typography_typography":"custom","sub_title_typography_font_family":"Noto Sans","sub_title_typography_font_size":{"unit":"px","size":22,"sizes":[]},"sub_title_typography_font_weight":"700","optin_form_margin":{"unit":"px","top":"20","right":"0","bottom":"0","left":"0","isLinked":false},"optin_forms_input_text_Color":"#000000","optin_forms_input_backgroud_color":"rgba(255,255,255,0)","optin_forms_input_text_typography_typography":"custom","optin_forms_input_text_typography_font_family":"Noto Sans","optin_forms_input_text_typography_font_size":{"unit":"px","size":15,"sizes":[]},"optin_forms_input_border_border":"solid","optin_forms_input_border_width":{"unit":"px","top":"0","right":"0","bottom":"0","left":"0","isLinked":true},"optin_forms_input_radius":{"unit":"px","top":"0","right":"0","bottom":"0","left":"0","isLinked":true},"optin_forms_input_height":{"unit":"px","size":48,"sizes":[]},"button_typography_typography":"custom","button_typography_font_family":"Noto Sans","button_typography_font_size":{"unit":"px","size":15,"sizes":[]},"button_typography_font_weight":"700","button_typography_text_transform":"uppercase","button_typography_letter_spacing":{"unit":"px","size":1,"sizes":[]},"button_text_color":"#ffffff","background_color":"#006eac","hover_color":"#006eac","button_background_hover_color":"#ffffff","button_hover_border_color":"#006eac","button_border_width":{"unit":"px","top":"1","right":"1","bottom":"1","left":"1","isLinked":true},"button_border_color":"#006eac","button_border_radius":{"unit":"px","top":"25","right":"25","bottom":"25","left":"25","isLinked":true},"buton_box_height":{"unit":"px","size":48,"sizes":[]},"button_padding":{"unit":"px","top":"0","right":"35","bottom":"0","left":"35","isLinked":false},"button_icon_position":"right","optin_forms_input_border_color":"#166b72","sub_title_typography_text_transform":"uppercase","description_color":"#4b4646","description_typography_typography":"custom","description_typography_font_family":"Noto Sans","description_typography_font_size":{"unit":"px","size":18,"sizes":[]},"button_border_border":"solid","text_alignment_mobile":"center","title_typography_font_size_mobile":{"unit":"px","size":24,"sizes":[]},"description_typography_font_size_mobile":{"unit":"px","size":15,"sizes":[]},"optin_form_margin_mobile":{"unit":"px","top":"0","right":"0","bottom":"0","left":"0","isLinked":true},"title_typography_font_weight":"700","title_typography_text_decoration":"underline","optin_forms_input_text_typography_font_weight":"400","button_margin":{"unit":"px","top":"10","right":"0","bottom":"0","left":"0","isLinked":false},"title_typography_font_size_tablet":{"unit":"px","size":24,"sizes":[]},"optin_form_margin_tablet":{"unit":"px","top":"0","right":"0","bottom":"0","left":"0","isLinked":true},"optin_forms_input_height_tablet":{"unit":"px","size":44,"sizes":[]},"optin_forms_input_margin_tablet":{"unit":"px","top":"0","right":"0","bottom":"0","left":"0","isLinked":true},"buton_box_height_tablet":{"unit":"px","size":44,"sizes":[]}},"elements":[],"isInner":false,"widgetType":"ansh_optin_forms_widget","elType":"widget"}],"isInner":true,"elType":"column"}],"isInner":true,"elType":"section"}]}